,x,y,z,eps,dx_dt
0,-1.0640288242359741,3.649611175764026,-2.5855823515280525,0.0,"[-0.790714989119746, 2.939109296594538, -2.148394307474794, 0.02500000000000001]"
1,-1.6753966686864583,5.839743331313542,-4.164346662627085,0.025,"[-0.4472603314393021, 1.4667468114178412, -1.0194864799785395, 0.025]"
2,-1.9913371014032921,6.725262898596708,-4.733925797193418,0.05,"[-0.20447686759755407, 0.5118331324024465, -0.3073562648048923, 0.024999999999999994]"
3,-2.1179074684944657,7.035892531505536,-4.917985063011072,0.075,"[-0.06768567810472328, 0.13819265522861002, -0.0705069771238861, 0.025]"
4,-2.150392811529381,7.076807188470619,-4.92641437694124,0.1,"[0.004719660687700911, -0.06432557740753708, 0.05960591671983684, 0.02500000000000001]"
5,-2.135614212438488,6.993785787561512,-4.858171575123026,0.125,"[0.00607193773019965, -0.04136687179361154, 0.035294934063411, 0.024999999999999994]"
6,-0.8445951258833795,3.5732448741166207,-2.728649748233242,0.0,"[-0.7103823031699878, 2.9111003396871538, -2.2007180365171672, 0.02500000000000001]"
7,-1.3979892789640656,5.743450721035934,-4.34546144207187,0.025,"[-0.403189495112494, 1.4509640763160778, -1.0477745812035844, 0.025]"
8,-1.6783701676362854,6.615049832363716,-4.936679664727431,0.05,"[-0.19201390892445247, 0.5070295910755492, -0.31501568215109665, 0.024999999999999994]"
9,-1.814022837436121,6.929577162563881,-5.1155543251277615,0.075,"[-0.08709486631199251, 0.14534546702133988, -0.05825060070934923, 0.025]"
10,-1.8686966865663945,6.977901313433606,-5.109204626867213,0.1,"[-0.02155605979621722, -0.05512372646288455, 0.07667978625910177, 0.02500000000000001]"
11,-1.8754630346610295,6.902116965338971,-5.026653930677942,0.125,"[-0.004427612198814934, -0.039111278865481935, 0.04353889106429776, 0.024999999999999994]"
12,-0.22592267948091005,3.2522773205190902,-3.0263546410381807,0.0,"[-0.1420139226624758, 2.6060170297184775, -2.464003107056003, 0.02500000000000001]"
13,-0.3469084410725481,5.189491558927452,-4.842583117854906,0.025,"[-0.10372264421215131, 1.290301165311658, -1.1865785210995077, 0.025]"
14,-0.4351676370622362,5.959832362937765,-5.52466472587553,0.05,"[-0.0650999550072191, 0.43861671165944693, -0.3735167566522289, 0.024999999999999994]"
15,-0.47699788083545036,6.22140211916455,-5.744404238329102,0.075,"[-0.02262356949505749, 0.1087930971716089, -0.08616952767655128, 0.025]"
16,-0.4854387374974991,6.244161262502502,-5.758722525005004,0.1,"[0.002068550174023409, -0.06975049744502426, 0.06768194727100107, 0.02500000000000001]"
17,-0.47759441061396063,6.158605589386039,-5.6810111787720805,0.125,"[0.011688785507660948, -0.048065976397101196, 0.03637719088943925, 0.024999999999999994]"
18,0.060253204100101126,3.0672532041001013,-3.127506408200203,0.0,"[0.0875897227830798, 2.460030198973557, -2.5476199217566395, 0.02500000000000001]"
19,0.10344739153324267,4.900447391533243,-5.003894783066488,0.025,"[-0.005920649663502036, 1.227841255098403, -1.2219206054349008, 0.025]"
20,0.059378278989181944,5.641378278989182,-5.700756557978365,0.05,"[-0.04612692175233359, 0.4264564115809997, -0.38032948982866516, 0.024999999999999994]"
21,0.02896158148115895,5.896961581481159,-5.925923162962319,0.075,"[-0.020792764902174122, 0.1087905684311598, -0.08799780352898584, 0.025]"
22,0.01788978471143421,5.921889784711436,-5.93977956942287,0.1,"[-0.0043888132296659825, -0.06512690846776215, 0.06951572169742626, 0.02500000000000001]"
23,0.021052616137350207,5.83905261613735,-5.8601052322747025,0.125,"[0.012306245022643651, -0.050253278786883016, 0.03794703376423669, 0.024999999999999994]"
24,0.34902567583676886,2.8288256758367685,-3.1778513516735383,0.0,"[0.5491042796997956, 2.0613780892236067, -2.610482368923405, 0.02500000000000001]"
25,0.6908467379338178,4.404846737933818,-5.0956934758676375,0.025,"[0.10001434087132795, 1.1390095789665668, -1.2390239198378947, 0.025]"
26,0.5928342497167829,5.196834249716784,-5.789668499433568,0.05,"[-0.10490902216175907, 0.47990764450490786, -0.3749986223431482, 0.024999999999999994]"
27,0.56241755220876,5.45241755220876,-6.0148351044175214,0.075,"[-0.005175475128164485, 0.09399119153850166, -0.08881571641033736, 0.025]"
28,0.5805004559774148,5.450500455977415,-6.031000911954831,0.1,"[0.04786280891436473, -0.11175623870468288, 0.0638934297903182, 0.02500000000000001]"
29,0.654282089556848,5.3062820895568485,-5.960564179113698,0.125,"[0.09495256250777695, -0.1204521993969827, 0.025499636889207977, 0.024999999999999994]"
30,1.0156828953860735,2.1816828953860736,-3.1973657907721478,0.0,"[0.9691670797524475, 1.6606908892762593, -2.6298579690287074, 0.02500000000000001]"
31,1.7050125454711271,3.4230125454711278,-5.1280250909422564,0.025,"[0.4003343325516945, 0.8474295706469321, -1.247763903198627, 0.025]"
32,1.8724641588692306,3.95646415886923,-5.8289283177384625,0.05,"[0.07426775460194493, 0.3029344212686109, -0.3772021758705555, 0.024999999999999994]"
33,1.9344701110920182,4.118470111092018,-6.052940222184037,0.075,"[0.03563207478210531, 0.05279874144877317, -0.08843081623087845, 0.025]"
34,1.9601303651298618,4.110130365129863,-6.070260730259727,0.1,"[0.012521579984016484, -0.07795461049217423, 0.06543303050815696, 0.02500000000000001]"
35,1.978757298170916,4.0187572981709145,-5.9975145963418335,0.125,"[0.03861725527519111, -0.06450179234386155, 0.02588453706867, 0.024999999999999994]"
36,1.2953512803114546,1.8373512803114544,-3.1327025606229095,0.0,"[1.1683689431556858, 1.4142975145842578, -2.5826664577399443, 0.02500000000000001]"
37,2.13978307205163,2.88778307205163,-5.027566144103262,0.025,"[0.5145481741203848, 0.7072624598346705, -1.2218106339550563, 0.025]"
38,2.387997081142699,3.3219970811426993,-5.7099941622854,0.05,"[0.12681814785554418, 0.23931814785554417, -0.3661362957110889, 0.024999999999999994]"
39,2.4821162820195384,3.446116282019539,-5.92823256403908,0.075,"[0.051320144964897146, 0.03432014496489666, -0.08564028992979367, 0.025]"
40,2.5121991857881927,3.4321991857881926,-5.944398371576387,0.1,"[0.005127674525149839, -0.068443754046279, 0.06331607952112961, 0.02500000000000001]"
41,2.517558169636816,3.3575581696368153,-5.8751163392736325,0.125,"[0.02362064823250254, -0.04652220891035608, 0.022901560677855315, 0.024999999999999994]"
42,1.7483342210897368,1.130334221089737,-2.8786684421794746,0.0,"[1.4135512319971155, 1.031884565330448, -2.445435797327564, 0.02500000000000001]"
43,2.781227138333657,1.8872271383336567,-4.6684542766673145,0.025,"[0.65847021391168, 0.48380354724501357, -1.142273761156694, 0.025]"
44,3.1394189334268647,2.1514189334268647,-5.290837866853732,0.05,"[0.1874951110394052, 0.14582844437273862, -0.33332355541214376, 0.024999999999999994]"
45,3.250919332150187,2.2489193321501872,-5.499838664300375,0.075,"[0.04144400459931391, 0.04977733793264727, -0.09122134253196057, 0.025]"
46,3.2559304391491173,2.2739304391491175,-5.529860878298236,0.1,"[-0.037085250953708515, -0.0027519176203754103, 0.03983716857408437, 0.02500000000000001]"
47,3.2159911289199115,2.2699911289199117,-5.485982257839825,0.125,"[-0.014744016935856585, 0.013589316397476736, 0.0011547005383771847, 0.024999999999999994]"
48,2.3058265202097408,0.011426520209740769,-2.317253040419482,0.0,"[1.9745800816981058, -0.11589848973046732, -1.858681591967639, 0.02500000000000001]"
49,3.7598335148385758,-0.09296648516142472,-3.6668670296771517,0.025,"[0.9364026599250094, -0.08341162578927604, -0.8529910341357336, 0.025]"
50,4.278760076249234,-0.15543992375076576,-4.1233201524984695,0.05,"[0.29280067817892147, -0.07004932182107798, -0.22275135635784404, 0.024999999999999994]"
51,4.476960017872088,-0.23943998212791173,-4.237520035744177,0.075,"[0.10408263273907103, -0.08518403392759641, -0.0188985988114736, 0.025]"
52,4.529230406330781,-0.31976959366921964,-4.209460812661562,0.1,"[-0.005750393699084366, -0.07650277465146495, 0.0822531683505483, 0.02500000000000001]"
53,4.5146045626221,-0.38539543737789894,-4.129209125244205,0.125,"[0.011331773672977441, -0.04970632156511656, 0.038374547892136235, 0.024999999999999994]"
54,2.610444801160235,-0.8467551988397659,-1.7636896023204691,0.0,"[2.128860354609996, -0.5280825025328618, -1.600777852077134, 0.02500000000000001]"
55,4.185514387980992,-1.277285612019009,-2.9082287759619834,0.025,"[1.0346285696323037, -0.3529428589391246, -0.6816857106931795, 0.025]"
56,4.786455584989216,-1.569344415010784,-3.217111169978433,0.05,"[0.34071186171053786, -0.20468813828946203, -0.13602372342107605, 0.024999999999999994]"
57,5.000376470420709,-1.6956235295792916,-3.3047529408414187,0.075,"[0.10154420561375865, -0.07388912771957529, -0.0276550778941832, 0.025]"
58,5.04079912015152,-1.7372008798484813,-3.3035982403030393,0.1,"[-0.029218032225709845, -0.007394222701900599, 0.03661225492761089, 0.02500000000000001]"
59,5.001732201914317,-1.7334677980856836,-3.268264403828634,0.125,"[-0.006214898260819446, -0.0011339458798658164, 0.007348844140685706, 0.024999999999999994]"
60,2.7548783129305723,-1.6699216870694278,-1.0849566258611447,0.0,"[2.2882242588227975, -1.594180503081965, -0.6940437557408343, 0.02500000000000001]"
61,4.450041665559512,-2.8819583344404887,-1.5680833311190236,0.025,"[1.1121577605374946, -0.8228612870815533, -0.28929647345594056, 0.025]"
62,5.0924783984006465,-3.383521601599354,-1.708956796801292,0.05,"[0.36911889162770617, -0.3371144417056274, -0.03200444992207782, 0.024999999999999994]"
63,5.332621991940096,-3.6513780080599054,-1.6812439838801898,0.075,"[0.12022248051195644, -0.1859441861547101, 0.0657217056427522, 0.025]"
64,5.386094224442769,-3.779905775557231,-1.606188448885539,0.1,"[-0.018754973403380948, -0.07142164007004692, 0.09017661347342687, 0.02500000000000001]"
65,5.356298507753012,-3.8217014922469876,-1.5345970155060256,0.125,"[0.001780167735908833, -0.03038649893075629, 0.028606331194847012, 0.024999999999999994]"
66,2.7592272947547487,-2.352772705245252,-0.4064545895094966,0.0,"[2.30283729589539, -2.0012817517236563, -0.30155554417173464, 0.02500000000000001]"
67,4.4635729929396915,-3.8504270070603086,-0.6131459858793827,0.025,"[1.1148098035243923, -1.0026663869517982, -0.11214341657259441, 0.025]"
68,5.103202902092138,-4.450797097907862,-0.6524058041842774,0.05,"[0.36629490620802174, -0.35753842712531225, -0.008756479082709046, 0.024999999999999994]"
69,5.342667003707277,-4.683332996292724,-0.6593340074145524,0.075,"[0.12037040531072302, -0.11546292802261054, -0.0049074772881118195, 0.025]"
70,5.3964405063991725,-4.725559493600827,-0.6708810127983454,0.1,"[-0.01913776168830683, 0.03538604783550081, -0.01624828614719387, 0.02500000000000001]"
71,5.365028963667294,-4.662971036332708,-0.7020579273345853,0.125,"[-0.0011555476305700196, 0.05472540475037935, -0.05356985711980933, 0.024999999999999994]"
72,2.66522352119671,-2.78877647880329,0.12355295760657971,0.0,"[2.2606353709431386, -2.168245581437816, -0.09238978950532073, 0.02500000000000001]"
73,4.337894882233485,-4.414105117766515,0.0762102355330305,0.025,"[1.0907064938632116, -1.106817315660598, 0.016110821797386682, 0.025]"
74,4.958831216351298,-5.103168783648703,0.14433756729740618,0.05,"[0.357558161030344, -0.3996085056363222, 0.04205034460597769, 0.024999999999999994]"
75,5.1986047190431925,-5.331395280956807,0.13279056191361374,0.075,"[0.12574248023253715, -0.08542418643412858, -0.040318293798408844, 0.025]"
76,5.260204283310243,-5.331795716689757,0.07159143337951343,0.1,"[-0.008070483319763788, 0.08983427858499837, -0.08176379526523528, 0.02500000000000001]"
77,5.239969655114602,-5.218030344885397,-0.021939310229205367,0.125,"[0.007780872609549405, 0.09175706308573872, -0.09953793569528685, 0.024999999999999994]"
78,2.507324865405187,-3.0846751345948134,0.5773502691896258,0.0,"[2.16860733949242, -2.3413450414599617, 0.17273770196754362, 0.02500000000000001]"
79,4.109537279602967,-4.840462720397033,0.7309254407940665,0.025,"[1.0383350553163593, -1.204474468493165, 0.1661394131768052, 0.025]"
80,4.691893287340196,-5.604106712659805,0.9122134253196085,0.05,"[0.3346208835230225, -0.4410457831436441, 0.10642489962062116, 0.024999999999999994]"
81,4.92096508410992,-5.847034915890081,0.9260698317801602,0.075,"[0.12308087104677073, -0.08641912895322873, -0.036661742093541005, 0.025]"
82,4.98329669918454,-5.8447033008154605,0.8614066016309216,0.1,"[-0.004836246033555813, 0.09844946825215972, -0.09361322221860363, 0.02500000000000001]"
83,4.963794121796467,-5.728205878203532,0.7644117564070646,0.125,"[0.0029716461385245196, 0.08004307470995364, -0.08301472084848038, 0.024999999999999994]"
84,2.148926841845571,-3.42787315815443,1.2789463163088592,0.0,"[1.7161679173381161, -2.7499273207571213, 1.033759403419005, 0.02500000000000001]"
85,3.42054301815057,-5.48745698184943,2.0669139636988603,0.025,"[0.8357315220098156, -1.3990494303711367, 0.5633179083613217, 0.025]"
86,3.905285378510426,-6.3567146214895764,2.451429242979151,0.05,"[0.27754292378654255, -0.5115237428801245, 0.23398081909358234, 0.024999999999999994]"
87,4.083044798091997,-6.664955201908003,2.5819104038160066,0.075,"[0.08681044176151004, -0.1400228915718209, 0.05321244981031034, 0.025]"
88,4.1184259959384795,-6.70957400406152,2.5911480081230405,0.1,"[-0.02259990330351269, 0.05949533479172553, -0.03689543148821284, 0.02500000000000001]"
89,4.083942656436875,-6.6300573435631245,2.5461146871262503,0.125,"[-0.013451046653437437, 0.040572762870368706, -0.027121716216929936, 0.024999999999999994]"
90,1.8455822913701485,-3.5984177086298517,1.752835417259704,0.0,"[1.5844476682815858, -2.8204666174327, 1.2360189491511122, 0.02500000000000001]"
91,2.9921409291471854,-5.719659070852816,2.7275181417056302,0.025,"[0.7312839614391349, -1.4466731814180083, 0.715389219978873, 0.025]"
92,3.400770099230134,-6.621229900769866,3.2204598015397328,0.05,"[0.20337108619025102, -0.541428913809749, 0.33805782761949954, 0.024999999999999994]"
93,3.5073000453922094,-6.958699954607792,3.4513999092155836,0.075,"[0.040310981562936554, -0.16050568510373053, 0.12019470354079365, 0.025]"
94,3.5264021870473305,-7.01359781295267,3.48719562590534,0.1,"[-0.025110804672717313, 0.053579671517758776, -0.02846886684504102, 0.02500000000000001]"
95,3.513465852929519,-6.9325341470704815,3.4190682941409642,0.125,"[0.04449778316559794, 0.05359540221321879, -0.09809318537881495, 0.024999999999999994]"
96,1.4393661619914764,-3.682833838008524,2.243467676017048,0.0,"[1.053759329833083, -2.9395763844526326, 1.8858170546195505, 0.02500000000000001]"
97,2.282491218170211,-5.872108781829789,3.5896175636595795,0.025,"[0.7066991671404101, -1.4604436900024473, 0.7537445228620373, 0.025]"
98,2.901474158948494,-6.745125841051507,3.8436516821030158,0.05,"[0.40606088592047657, -0.5039891140795232, 0.09792822815904745, 0.024999999999999994]"
99,3.110086950502077,-7.054313049497924,3.944226098995848,0.075,"[0.11341929104957593, -0.13751404228375697, 0.02409475123418009, 0.025]"
100,3.1874013896006863,-7.092598610399315,3.9051972207986294,0.1,"[0.012579139360959779, 0.06791723459905485, -0.08049637396001486, 0.02500000000000001]"
101,3.2088775707928368,-7.001722429207164,3.792844858414328,0.125,"[0.08900493333146287, 0.05601445714098752, -0.1450193904724495, 0.024999999999999994]"
102,1.2482641370906469,-3.6843358629093537,2.436071725818707,0.0,"[0.8626527608440687, -2.952737715346406, 2.0900849545023386, 0.02500000000000001]"
103,1.9117573389607687,-5.8840426610392305,3.972285322078464,0.025,"[0.48567704209820084, -1.4734848626637036, 0.9878078205655035, 0.025]"
104,2.2569325418494275,-6.774467458150573,4.517534916301146,0.05,"[0.21527180719779757, -0.5132615261355367, 0.2979897189377383, 0.024999999999999994]"
105,2.3778244479715194,-7.083575552028481,4.705751104056964,0.075,"[0.05369215508560865, -0.1355411782477245, 0.08184902316211717, 0.025]"
106,2.3935393228030777,-7.121460677196922,4.727921354393847,0.1,"[-0.025616228961981014, 0.06887900913325762, -0.043262780171275494, 0.02500000000000001]"
107,2.3603057255626663,-7.033494274437333,4.67318854887467,0.125,"[-0.01725720066227243, 0.04556660886153807, -0.028309408199266528, 0.024999999999999994]"
108,1.0641076917494336,-3.649632308250568,2.585524616501134,0.0,"[0.79035351301639, -2.9390124393645585, 2.148658926348172, 0.02500000000000001]"
109,1.6754755361999178,-5.8397644638000825,4.164288927600166,0.025,"[0.44747064480852716, -1.4668031647152824, 1.0193325199067553, 0.025]"
110,1.9916525714571296,-6.725347428542872,4.733694857085742,0.05,"[0.2048251991153337, -0.5119264675513341, 0.30710126843600005, 0.024999999999999994]"
111,2.1185384086021415,-7.03606159139786,4.917523182795719,0.075,"[0.06767489286610695, -0.13831177380055903, 0.07063688093445325, 0.025]"
112,2.1507082815832193,-7.076891718416781,4.926183436833563,0.1,"[-0.0048864480022347, 0.06503259961681307, -0.06014615161457826, 0.02500000000000001]"
113,2.1358225028153535,-6.992377497184647,4.856554994369295,0.125,"[-0.006330015688948087, 0.04361474621581607, -0.037284730526866205, 0.024999999999999994]"
114,0.8445951258833795,-3.5732448741166207,2.728649748233242,0.0,"[0.7101466000948229, -2.9110371832385096, 2.200890583143689, 0.02500000000000001]"
115,1.3979892789640656,-5.743450721035934,4.34546144207187,0.025,"[0.40334664802205167, -1.451006185311282, 1.0476595372892308, 0.025]"
116,1.6785594496685883,-6.615100550331412,4.936541100662826,0.05,"[0.19222092300269755, -0.5070850603306366, 0.3148641373279385, 0.024999999999999994]"
117,1.8143225339872664,-6.929657466012734,5.115334932025469,0.075,"[0.08697640062833156, -0.14543573270500032, 0.05845933207666948, 0.025]"
118,1.8686100900366156,-6.977878109963384,5.10926801992677,0.1,"[0.021054464864664668, 0.05592046010275986, -0.07697492496742431, 0.02500000000000001]"
119,1.8746775943683058,-6.900442405631694,5.02576481126339,0.125,"[0.0034260464350897024, 0.041558370244612064, -0.044984416679701766, 0.024999999999999994]"
120,0.22592267948091005,-3.2522773205190902,3.0263546410381807,0.0,"[0.1457227419440519, -2.606679639008328, 2.4609568970642792, 0.02500000000000001]"
121,0.34675070604562896,-5.189449293954372,4.842698587908744,0.025,"[0.10126065821585745, -1.2890488655936663, 1.1877882073778094, 0.025]"
122,0.4325366969545604,-5.95766330304544,5.525126606090882,0.05,"[0.06251468459446177, -0.4378019820722051, 0.37528729747774264, 0.024999999999999994]"
123,0.47368544527015216,-6.220514554729848,5.746829109459697,0.075,"[0.02558312424214778, -0.11105020909118524, 0.08546708484903703, 0.025]"
124,0.491224378143554,-6.247175621856446,5.755951243712893,0.1,"[0.014133669835830642, 0.062271765073925955, -0.07640543490975604, 0.02500000000000001]"
125,0.5092546646518052,-6.172945335348195,5.663690670696392,0.125,"[0.02524851354360802, 0.03335803735313192, -0.058606550896737275, 0.024999999999999994]"
126,-0.060253204100101126,-3.0672532041001013,3.127506408200203,0.0,"[-0.08472723622599296, -2.46132009336885, 2.546047329594845, 0.02500000000000001]"
127,-0.10360512656016167,-4.900405126560162,5.004010253120325,0.025,"[0.004354421682495148, -1.2273170068889332, 1.2229625852064379, 0.025]"
128,-0.060955629258371655,-5.640955629258372,5.701911258516744,0.05,"[0.043128944744693365, -0.42492105525530627, 0.38179211051061285, 0.024999999999999994]"
129,-0.03411628201953826,-5.894116282019538,5.928232564039077,0.075,"[0.019699741306958306, -0.10703359202637608, 0.08733385071941818, 0.025]"
130,-0.021889784711434043,-5.917889784711435,5.93977956942287,0.1,"[0.0033303117996666635, 0.06771126418061879, -0.07104157598028493, 0.02500000000000001]"
131,-0.02747526586816045,-5.831475265868161,5.858950531736323,0.125,"[-0.014040031908561984, 0.05385520618667883, -0.03981517427811454, 0.024999999999999994]"
132,-0.34902567583676886,-2.8288256758367685,3.1778513516735383,0.0,"[-0.5466455190047386, -2.0639193285285504, 2.6105648475332854, 0.02500000000000001]"
133,-0.6924240882030078,-4.404424088203008,5.0968481764060165,0.025,"[-0.10496797322569115, -1.1349632113209291, 1.2399311845466212, 0.025]"
134,-0.6024115999859725,-5.188411599985972,5.790823199971946,0.05,"[0.092542996757975, -0.46927366990869146, 0.3767306731507173, 0.024999999999999994]"
135,-0.5887269532855184,-5.430726953285518,6.019453906571039,0.075,"[-0.01596035063453955, -0.07612701730120569, 0.0920873679357459, 0.025]"
136,-0.6299645575925528,-5.407964557592552,6.037929115185107,0.1,"[-0.0690751915891919, 0.13068671317271185, -0.061611521583521345, 0.02500000000000001]"
137,-0.7213235414411752,-5.247323541441176,5.968647082882352,0.125,"[-0.10908680155634753, 0.13560367463412693, -0.026516873077779834, 0.024999999999999994]"
138,-1.0156828953860735,-2.1816828953860736,3.1973657907721478,0.0,"[-0.9674843574393964, -1.6585795955346365, 2.626063952974032, 0.02500000000000001]"
139,-1.7050125454711271,-3.4230125454711278,5.1280250909422564,0.025,"[-0.4014750222027375, -0.8478559745836901, 1.2493309967864275, 0.025]"
140,-1.8740415091384204,-3.956041509138421,5.8300830182768415,0.05,"[-0.07649980540951348, -0.3041664720761798, 0.3806662774856929, 0.024999999999999994]"
141,-1.9383568624379661,-4.120356862437966,6.0587137248759335,0.075,"[-0.037260991897421686, -0.0530943252307538, 0.09035531712817668, 0.025]"
142,-1.964439766206621,-4.11043976620662,6.074879532413243,0.1,"[-0.012070185981262194, 0.07731076639969015, -0.06524058041842773, 0.02500000000000001]"
143,-1.9810666992476742,-4.021066699247674,6.00213339849535,0.125,"[-0.034508199885175284, 0.06308703821006034, -0.02857883832488639, 0.024999999999999994]"
144,-1.2953512803114546,-1.8373512803114544,3.1327025606229095,0.0,"[-1.1706290676108977, -1.4097004961823272, 2.580329563793227, 0.02500000000000001]"
145,-2.13978307205163,-2.88778307205163,5.027566144103262,0.025,"[-0.5135734994985319, -0.7098592137842461, 1.2234327132827785, 0.025]"
146,-2.3871517816810783,-3.325151781681078,5.712303563362158,0.05,"[-0.12445397361824775, -0.24495397361824733, 0.369407947236495, 0.024999999999999994]"
147,-2.478003033365486,-3.4560030333654863,5.934006066730974,0.075,"[-0.049202516403907326, -0.03903584973724106, 0.08823836614114783, 0.025]"
148,-2.507663287403331,-3.4436632874033313,5.9513265748066635,0.1,"[-0.004595775811765401, 0.06749946228347281, -0.06290368647170652, 0.02500000000000001]"
149,-2.513444920982764,-3.3674449209827633,5.880889841965529,0.125,"[-0.026308453962937683, 0.052715355560874144, -0.026406901597935573, 0.024999999999999994]"
150,-1.7483342210897368,-1.130334221089737,2.8786684421794746,0.0,"[-1.4164554649971672, -1.027550703092404, 2.4440061680895733, 0.02500000000000001]"
151,-2.780804488602846,-1.8888044886028466,4.669608977205694,0.025,"[-0.656128597796211, -0.4885095501771637, 1.144638147973375, 0.025]"
152,-3.1361509842344337,-2.158150984234434,5.2943019684688695,0.05,"[-0.1827529452700371, -0.15441961193670373, 0.3371725572067405, 0.024999999999999994]"
153,-3.241960784034514,-2.2659607840345144,5.50792156806903,0.075,"[-0.0367464970286851, -0.05774649702868412, 0.09449299405736833, 0.025]"
154,-3.2445492413026353,-2.2945492413026343,5.5390984826052705,0.1,"[0.03788813056820017, 0.0013167019967712523, -0.039204832564971426, 0.02500000000000001]"
155,-3.207032580804239,-2.2870325808042393,5.494065161608479,0.125,"[0.007806969132590602, -0.0023358880102688495, -0.0054710811223213085, 0.024999999999999994]"
156,-2.3058265202097408,-0.011426520209740769,2.317253040419482,0.0,"[-1.9744737678141409, 0.11738813694776384, 1.8570856308663772, 0.02500000000000001]"
157,-3.7597912498654944,0.09280875013450578,3.6669824997309894,0.025,"[-0.9362513136254296, 0.08219630542218945, 0.8540550082032407, 0.025]"
158,-4.278295161545342,0.15370483845465716,4.124590323090687,0.05,"[-0.2923016715195626, 0.067731661813771, 0.22457000970579166, 0.024999999999999994]"
159,-4.4758188635989,0.23518113640109978,4.240637727197802,0.075,"[-0.10259784991886339, 0.08328548341447004, 0.019312366504392553, 0.025]"
160,-4.5264273718422405,0.31477262815775914,4.211654743684482,0.1,"[0.005772855024630541, 0.07654904550082138, -0.08232190052545185, 0.02500000000000001]"
161,-4.5136747332143194,0.38192526678568156,4.131749466428639,0.125,"[-0.014665971409390188, 0.053303076209658684, -0.038637104800268496, 0.024999999999999994]"
162,-2.610444801160235,0.8467551988397659,1.7636896023204691,0.0,"[-2.1284028389259055, 0.5282614467883794, 1.6001413921375272, 0.02500000000000001]"
163,-4.18547212300791,1.27712787699209,2.908344246015821,0.025,"[-1.034699617595841, 0.3525575252613021, 0.6821420923345394, 0.025]"
164,-4.786286525096893,1.5687134749031082,3.2175730501937854,0.05,"[-0.34067072559288974, 0.2040792744071106, 0.1365914511857791, 0.024999999999999994]"
165,-5.000038350636061,1.69436164936394,3.3056767012721218,0.075,"[-0.10042219714582962, 0.07334446952083651, 0.027077727624993164, 0.025]"
166,-5.038925915070762,1.7356740849292378,3.3032518301415252,0.1,"[0.02921432952030223, 0.0075381390441116025, -0.036752468564414276, 0.02500000000000001]"
167,-5.001520877048912,1.7326791229510885,3.268841754097823,0.125,"[0.00346586913980218, 0.0025468215207560263, -0.006012690660560871, 0.024999999999999994]"
168,-2.7548783129305723,1.6699216870694278,1.0849566258611447,0.0,"[-2.2898213740210096, 1.5944167212170859, 0.6954046528039238, 0.02500000000000001]"
169,-4.450041665559512,2.8819583344404887,1.5680833311190236,0.025,"[-1.111870794849798, 0.8234815861025835, 0.2883892087472141, 0.025]"
170,-5.0929010481314565,3.385098951868544,1.7078020962629128,0.05,"[-0.36831387045788533, 0.33775279620878124, 0.03056107424910401, 0.024999999999999994]"
171,-5.331467291401716,3.652532708598285,1.6789345828034317,0.075,"[-0.12018725970105604, 0.18581274029894335, -0.06562548059788725, 0.025]"
172,-5.386516874173579,3.78148312582642,1.6050337483471597,0.1,"[0.018354617342042356, 0.07135461734204163, -0.0897092346840832, 0.02500000000000001]"
173,-5.356721157483822,3.823278842516178,1.5334423149676462,0.125,"[-0.002827425534892569, 0.031172574465109903, -0.028345148930215114, 0.024999999999999994]"
174,-2.7592272947547487,2.352772705245252,0.4064545895094966,0.0,"[-2.30283729589539, 2.0012817517236563, 0.30155554417173464, 0.02500000000000001]"
175,-4.4635729929396915,3.8504270070603086,0.6131459858793827,0.025,"[-1.1148098035243923, 1.0026663869517982, 0.11214341657259441, 0.025]"
176,-5.103202902092138,4.450797097907862,0.6524058041842774,0.05,"[-0.36629490620802174, 0.35753842712531225, 0.008756479082709046, 0.024999999999999994]"
177,-5.342667003707277,4.683332996292724,0.6593340074145524,0.075,"[-0.12037040531072302, 0.11546292802261054, 0.0049074772881118195, 0.025]"
178,-5.3964405063991725,4.725559493600827,0.6708810127983454,0.1,"[0.01913776168830683, -0.03538604783550081, 0.01624828614719387, 0.02500000000000001]"
179,-5.365028963667294,4.662971036332708,0.7020579273345853,0.125,"[0.0011555476305700196, -0.05472540475037935, 0.05356985711980933, 0.024999999999999994]"
180,-2.66522352119671,2.78877647880329,-0.12355295760657971,0.0,"[-2.2606353709431386, 2.168245581437816, 0.09238978950532073, 0.02500000000000001]"
181,-4.337894882233485,4.414105117766515,-0.0762102355330305,0.025,"[-1.0907064938632116, 1.106817315660598, -0.016110821797386682, 0.025]"
182,-4.958831216351298,5.103168783648703,-0.14433756729740618,0.05,"[-0.357558161030344, 0.3996085056363222, -0.04205034460597769, 0.024999999999999994]"
183,-5.1986047190431925,5.331395280956807,-0.13279056191361374,0.075,"[-0.12574248023253715, 0.08542418643412858, 0.040318293798408844, 0.025]"
184,-5.260204283310243,5.331795716689757,-0.07159143337951343,0.1,"[0.008070483319763788, -0.08983427858499837, 0.08176379526523528, 0.02500000000000001]"
185,-5.239969655114602,5.218030344885397,0.021939310229205367,0.125,"[-0.007780872609549405, -0.09175706308573872, 0.09953793569528685, 0.024999999999999994]"
186,-2.507324865405187,3.0846751345948134,-0.5773502691896258,0.0,"[-2.16860733949242, 2.3413450414599617, -0.17273770196754362, 0.02500000000000001]"
187,-4.109537279602967,4.840462720397033,-0.7309254407940665,0.025,"[-1.0383350553163593, 1.204474468493165, -0.1661394131768052, 0.025]"
188,-4.691893287340196,5.604106712659805,-0.9122134253196085,0.05,"[-0.3346208835230225, 0.4410457831436441, -0.10642489962062116, 0.024999999999999994]"
189,-4.92096508410992,5.847034915890081,-0.9260698317801602,0.075,"[-0.12308087104677073, 0.08641912895322873, 0.036661742093541005, 0.025]"
190,-4.98329669918454,5.8447033008154605,-0.8614066016309216,0.1,"[0.004836246033555813, -0.09844946825215972, 0.09361322221860363, 0.02500000000000001]"
191,-4.963794121796467,5.728205878203532,-0.7644117564070646,0.125,"[-0.0029716461385245196, -0.08004307470995364, 0.08301472084848038, 0.024999999999999994]"
192,-2.148926841845571,3.42787315815443,-1.2789463163088592,0.0,"[-1.7156890564018867, 2.7529538007409693, -1.037264744339085, 0.02500000000000001]"
193,-3.42212036841976,5.48787963158024,-2.065759263160481,0.025,"[-0.8380536825719276, 1.3969177459995006, -0.558864063427573, 0.025]"
194,-3.9087494801255622,6.353250519874438,-2.4445010397488756,0.05,"[-0.2805680296356441, 0.5073319703643563, -0.22676394072871223, 0.024999999999999994]"
195,-4.089973001322273,6.6580269986777285,-2.5680539973554555,0.075,"[-0.08848839698250432, 0.1371782696841627, -0.04868987270165856, 0.025]"
196,-4.124931549437945,6.7010684505620555,-2.5761369011241104,0.1,"[0.022697115298003556, -0.059207646606756814, 0.03651053130875326, 0.02500000000000001]"
197,-4.0897161591287725,6.62428384087123,-2.5345676817424576,0.125,"[0.016266801536387376, -0.035209388939799524, 0.018942587403412148, 0.024999999999999994]"
198,-1.8455822913701485,3.5984177086298517,-1.752835417259704,0.0,"[-1.5857323465245683, 2.820096224904001, -1.2343638783794357, 0.02500000000000001]"
199,-2.9919831941202664,5.719616805879733,-2.727633611759468,0.025,"[-0.7290404747979217, 1.4468738109163648, -0.7178333361184426, 0.025]"
200,-3.396460698153376,6.621539301846625,-3.2250786036932504,0.05,"[-0.19959640017630276, 0.5420035998236983, -0.34240719964739447, 0.024999999999999994]"
201,-3.5002585935078816,6.959741406492119,-3.459482812984238,0.075,"[-0.037985907160151766, 0.1609807595065147, -0.12299485234636315, 0.025]"
202,-3.516628684355435,7.0153713156445665,-3.498742631289133,0.1,"[0.029240947253531102, -0.05123524322265993, 0.021994295969129052, 0.02500000000000001]"
203,-3.4974961978149155,6.9385038021850844,-3.4410076043701694,0.125,"[-0.03612071397805128, -0.047839761597099795, 0.08396047557515285, 0.024999999999999994]"
204,-1.4393661619914764,3.682833838008524,-2.243467676017048,0.0,"[-1.0547773614636191, 2.940494067107809, -1.8857167056441895, 0.02500000000000001]"
205,-2.2817025430356157,5.871897456964384,-3.5901949139287694,0.025,"[-0.7016732174512035, 1.4602124968345105, -0.7585392793833072, 0.025]"
206,-2.891593476579625,6.7454065234203755,-3.853813046840752,0.05,"[-0.40053695852866394, 0.5033630414713359, -0.10282608294267265, 0.024999999999999994]"
207,-3.1000990884562354,7.053100911543765,-3.9530018230875306,0.075,"[-0.11520965038955017, 0.13677368294378311, -0.021564032554232615, 0.025]"
208,-3.1800950230124676,7.0921049769875335,-3.9120099539750663,0.1,"[-0.017463965900760492, -0.06657348971028387, 0.08403745561104414, 0.02500000000000001]"
209,-3.2071991098237542,7.0042008901762465,-3.7970017803524936,0.125,"[-0.09396501837319704, -0.0504673993255782, 0.14443241769877257, 0.024999999999999994]"
210,-1.2482641370906469,3.6843358629093537,-2.436071725818707,0.0,"[-0.8629513307164518, 2.9528177169025946, -2.0898663861861437, 0.02500000000000001]"
211,-1.9117573389607687,5.8840426610392305,-3.972285322078464,0.025,"[-0.4855305738589188, 1.4734456166172718, -0.9879150427583535, 0.025]"
212,-2.256774806822509,6.774425193177491,-4.517650386354984,0.05,"[-0.21491690338722966, 0.5131664299461044, -0.29824952655887416, 0.024999999999999994]"
213,-2.377193507863843,7.083406492136158,-4.706212984272317,0.075,"[-0.053341464220869855, 0.1353252024457965, -0.08198373822492677, 0.025]"
214,-2.392750647668483,7.1212493523315175,-4.728498704663036,0.1,"[0.02578556747861982, -0.06826205156899867, 0.04247648409037952, 0.02500000000000001]"
215,-2.359466495078125,7.034733504921876,-4.675267009843752,0.125,"[0.01703386196540624, -0.04332804279649949, 0.02629418083109325, 0.024999999999999994]"
216,-1.0640288242359741,3.649611175764026,-2.5855823515280525,0.0,"[-0.790714989119746, 2.939109296594538, -2.148394307474794, 0.02500000000000001]"
217,-1.6753966686864583,5.839743331313542,-4.164346662627085,0.025,"[-0.4472603314393021, 1.4667468114178412, -1.0194864799785395, 0.025]"
218,-1.9913371014032921,6.725262898596708,-4.733925797193418,0.05,"[-0.20447686759755407, 0.5118331324024465, -0.3073562648048923, 0.024999999999999994]"
219,-2.1179074684944657,7.035892531505536,-4.917985063011072,0.075,"[-0.06768567810472328, 0.13819265522861002, -0.0705069771238861, 0.025]"
220,-2.150392811529381,7.076807188470619,-4.92641437694124,0.1,"[0.004719660687700911, -0.06432557740753708, 0.05960591671983684, 0.02500000000000001]"
221,-2.135614212438488,6.993785787561512,-4.858171575123026,0.125,"[0.00607193773019965, -0.04136687179361154, 0.035294934063411, 0.024999999999999994]"
