,eps,P_actual,P_vm
0,0.0,"[[20408.03873044, -21278.4134144, -23980.34236832], [-1202.59004604, 17228.46028696, -10761.64685068], [-337.99632024, -7294.12051584, 18226.94704296]]","[[0.01, -0.005, -0.005], [-0.005, 0.01, -0.005], [-0.005, -0.005, 0.01]]"
1,0.0125,"[[14564.105146347736, -20321.4707558654, -18941.316190764155], [5820.011435857213, 12167.483285046676, -7531.286082664685], [3099.9626430428275, -3593.6377884733693, 12900.578211170647]]","[[0.01, -0.005, -0.005], [-0.005, 0.01, -0.005], [-0.005, -0.005, 0.01]]"
2,0.025,"[[9049.895087989906, -19822.97253945771, -14413.146518725462], [12812.126676017951, 7400.138461676914, -4559.265196191489], [6534.781972807368, -77.30349023370673, 7880.9649568201785]]","[[0.01, -0.005, -0.005], [-0.005, 0.01, -0.005], [-0.005, -0.005, 0.01]]"
3,0.0375,"[[4195.1320811009355, -20241.36320730382, -10906.689857721089], [19743.269432705736, 3220.057995394276, -2103.924072802525], [9963.322035535331, 3070.733949752018, 3474.862857347489]]","[[0.01, -0.005, -0.005], [-0.005, 0.01, -0.005], [-0.005, -0.005, 0.01]]"
4,0.05,"[[329.53965141524895, -22035.08720153065, -8932.802713268185], [26582.953464184102, -79.1259352576817, -423.60259403991586], [13382.443197708435, 5666.326102356841, -10.972509808550967]]","[[0.01, -0.005, -0.005], [-0.005, 0.01, -0.005], [-0.005, -0.005, 0.01]]"
5,0.0625,"[[-2217.1586753327138, -25662.588964265087, -9002.341590883916], [33300.692528716565, -2203.7811517353875, 223.35935855422758], [16789.005825808385, 7525.324538453788, -2269.785567209041]]","[[0.01, -0.005, -0.005], [-0.005, 0.01, -0.005], [-0.005, -0.005, 0.01]]"
6,0.075,"[[-3115.239373408527, -31582.31293763406, -11626.16299608544], [39866.00038456665, -2860.275475495291, -421.3780965622136], [20179.8702863169, 8463.580828915892, -2994.8207374151025]]","[[0.01, -0.005, -0.005], [-0.005, 0.01, -0.005], [-0.005, -0.005, 0.01]]"
7,0.0875,"[[-2034.9789170777658, -40252.70356376444, -17315.123434389905], [46248.39078999789, -1754.9767279938242, -2616.154840931358], [23551.896945715685, 8296.946544616188, -1879.3224429878464]]","[[0.01, -0.005, -0.005], [-0.005, 0.01, -0.005], [-0.005, -0.005, 0.01]]"
8,0.1,"[[1353.3462193940068, -52132.20528478316, -26580.07941131448], [52417.377503273805, 1405.7472693125746, -6619.3107560953285], [26901.946170486466, 6841.27325642771, 1383.4648935115983]]","[[0.01, -0.005, -0.005], [-0.005, 0.01, -0.005], [-0.005, -0.005, 0.01]]"
9,0.0,"[[20408.03873044, -21278.4134144, -23980.34236832], [-1202.59004604, 17228.46028696, -10761.64685068], [-337.99632024, -7294.12051584, 18226.94704296]]","[[0.01, -0.005, -0.005], [-0.005, 0.01, -0.005], [-0.005, -0.005, 0.01]]"
10,0.0125,"[[14564.105146347736, -20321.4707558654, -18941.316190764155], [5820.011435857213, 12167.483285046676, -7531.286082664685], [3099.9626430428275, -3593.6377884733693, 12900.578211170647]]","[[0.01, -0.005, -0.005], [-0.005, 0.01, -0.005], [-0.005, -0.005, 0.01]]"
11,0.025,"[[9049.895087989906, -19822.97253945771, -14413.146518725462], [12812.126676017951, 7400.138461676914, -4559.265196191489], [6534.781972807368, -77.30349023370673, 7880.9649568201785]]","[[0.01, -0.005, -0.005], [-0.005, 0.01, -0.005], [-0.005, -0.005, 0.01]]"
12,0.0375,"[[4195.1320811009355, -20241.36320730382, -10906.689857721089], [19743.269432705736, 3220.057995394276, -2103.924072802525], [9963.322035535331, 3070.733949752018, 3474.862857347489]]","[[0.01, -0.005, -0.005], [-0.005, 0.01, -0.005], [-0.005, -0.005, 0.01]]"
13,0.05,"[[329.53965141524895, -22035.08720153065, -8932.802713268185], [26582.953464184102, -79.1259352576817, -423.60259403991586], [13382.443197708435, 5666.326102356841, -10.972509808550967]]","[[0.01, -0.005, -0.005], [-0.005, 0.01, -0.005], [-0.005, -0.005, 0.01]]"
14,0.0625,"[[-2217.1586753327138, -25662.588964265087, -9002.341590883916], [33300.692528716565, -2203.7811517353875, 223.35935855422758], [16789.005825808385, 7525.324538453788, -2269.785567209041]]","[[0.01, -0.005, -0.005], [-0.005, 0.01, -0.005], [-0.005, -0.005, 0.01]]"
15,0.075,"[[-3115.239373408527, -31582.31293763406, -11626.16299608544], [39866.00038456665, -2860.275475495291, -421.3780965622136], [20179.8702863169, 8463.580828915892, -2994.8207374151025]]","[[0.01, -0.005, -0.005], [-0.005, 0.01, -0.005], [-0.005, -0.005, 0.01]]"
16,0.0875,"[[-2034.9789170777658, -40252.70356376444, -17315.123434389905], [46248.39078999789, -1754.9767279938242, -2616.154840931358], [23551.896945715685, 8296.946544616188, -1879.3224429878464]]","[[0.01, -0.005, -0.005], [-0.005, 0.01, -0.005], [-0.005, -0.005, 0.01]]"
17,0.1,"[[1353.3462193940068, -52132.20528478316, -26580.07941131448], [52417.377503273805, 1405.7472693125746, -6619.3107560953285], [26901.946170486466, 6841.27325642771, 1383.4648935115983]]","[[0.01, -0.005, -0.005], [-0.005, 0.01, -0.005], [-0.005, -0.005, 0.01]]"
18,0.0,"[[20408.03873044, -21278.4134144, -23980.34236832], [-1202.59004604, 17228.46028696, -10761.64685068], [-337.99632024, -7294.12051584, 18226.94704296]]","[[0.01, -0.005, -0.005], [-0.005, 0.01, -0.005], [-0.005, -0.005, 0.01]]"
19,0.0125,"[[14564.105146347736, -20321.4707558654, -18941.316190764155], [5820.011435857213, 12167.483285046676, -7531.286082664685], [3099.9626430428275, -3593.6377884733693, 12900.578211170647]]","[[0.01, -0.005, -0.005], [-0.005, 0.01, -0.005], [-0.005, -0.005, 0.01]]"
20,0.025,"[[9049.895087989906, -19822.97253945771, -14413.146518725462], [12812.126676017951, 7400.138461676914, -4559.265196191489], [6534.781972807368, -77.30349023370673, 7880.9649568201785]]","[[0.01, -0.005, -0.005], [-0.005, 0.01, -0.005], [-0.005, -0.005, 0.01]]"
21,0.0375,"[[4195.1320811009355, -20241.36320730382, -10906.689857721089], [19743.269432705736, 3220.057995394276, -2103.924072802525], [9963.322035535331, 3070.733949752018, 3474.862857347489]]","[[0.01, -0.005, -0.005], [-0.005, 0.01, -0.005], [-0.005, -0.005, 0.01]]"
22,0.05,"[[329.53965141524895, -22035.08720153065, -8932.802713268185], [26582.953464184102, -79.1259352576817, -423.60259403991586], [13382.443197708435, 5666.326102356841, -10.972509808550967]]","[[0.01, -0.005, -0.005], [-0.005, 0.01, -0.005], [-0.005, -0.005, 0.01]]"
23,0.0625,"[[-2217.1586753327138, -25662.588964265087, -9002.341590883916], [33300.692528716565, -2203.7811517353875, 223.35935855422758], [16789.005825808385, 7525.324538453788, -2269.785567209041]]","[[0.01, -0.005, -0.005], [-0.005, 0.01, -0.005], [-0.005, -0.005, 0.01]]"
24,0.075,"[[-3115.239373408527, -31582.31293763406, -11626.16299608544], [39866.00038456665, -2860.275475495291, -421.3780965622136], [20179.8702863169, 8463.580828915892, -2994.8207374151025]]","[[0.01, -0.005, -0.005], [-0.005, 0.01, -0.005], [-0.005, -0.005, 0.01]]"
25,0.0875,"[[-2034.9789170777658, -40252.70356376444, -17315.123434389905], [46248.39078999789, -1754.9767279938242, -2616.154840931358], [23551.896945715685, 8296.946544616188, -1879.3224429878464]]","[[0.01, -0.005, -0.005], [-0.005, 0.01, -0.005], [-0.005, -0.005, 0.01]]"
26,0.1,"[[1353.3462193940068, -52132.20528478316, -26580.07941131448], [52417.377503273805, 1405.7472693125746, -6619.3107560953285], [26901.946170486466, 6841.27325642771, 1383.4648935115983]]","[[0.01, -0.005, -0.005], [-0.005, 0.01, -0.005], [-0.005, -0.005, 0.01]]"
27,0.0,"[[20408.03873044, -21278.4134144, -23980.34236832], [-1202.59004604, 17228.46028696, -10761.64685068], [-337.99632024, -7294.12051584, 18226.94704296]]","[[0.01, -0.005, -0.005], [-0.005, 0.01, -0.005], [-0.005, -0.005, 0.01]]"
28,0.0125,"[[14564.105146347736, -20321.4707558654, -18941.316190764155], [5820.011435857213, 12167.483285046676, -7531.286082664685], [3099.9626430428275, -3593.6377884733693, 12900.578211170647]]","[[0.01, -0.005, -0.005], [-0.005, 0.01, -0.005], [-0.005, -0.005, 0.01]]"
29,0.025,"[[9049.895087989906, -19822.97253945771, -14413.146518725462], [12812.126676017951, 7400.138461676914, -4559.265196191489], [6534.781972807368, -77.30349023370673, 7880.9649568201785]]","[[0.01, -0.005, -0.005], [-0.005, 0.01, -0.005], [-0.005, -0.005, 0.01]]"
30,0.0375,"[[4195.1320811009355, -20241.36320730382, -10906.689857721089], [19743.269432705736, 3220.057995394276, -2103.924072802525], [9963.322035535331, 3070.733949752018, 3474.862857347489]]","[[0.01, -0.005, -0.005], [-0.005, 0.01, -0.005], [-0.005, -0.005, 0.01]]"
31,0.05,"[[329.53965141524895, -22035.08720153065, -8932.802713268185], [26582.953464184102, -79.1259352576817, -423.60259403991586], [13382.443197708435, 5666.326102356841, -10.972509808550967]]","[[0.01, -0.005, -0.005], [-0.005, 0.01, -0.005], [-0.005, -0.005, 0.01]]"
32,0.0625,"[[-2217.1586753327138, -25662.588964265087, -9002.341590883916], [33300.692528716565, -2203.7811517353875, 223.35935855422758], [16789.005825808385, 7525.324538453788, -2269.785567209041]]","[[0.01, -0.005, -0.005], [-0.005, 0.01, -0.005], [-0.005, -0.005, 0.01]]"
33,0.075,"[[-3115.239373408527, -31582.31293763406, -11626.16299608544], [39866.00038456665, -2860.275475495291, -421.3780965622136], [20179.8702863169, 8463.580828915892, -2994.8207374151025]]","[[0.01, -0.005, -0.005], [-0.005, 0.01, -0.005], [-0.005, -0.005, 0.01]]"
34,0.0875,"[[-2034.9789170777658, -40252.70356376444, -17315.123434389905], [46248.39078999789, -1754.9767279938242, -2616.154840931358], [23551.896945715685, 8296.946544616188, -1879.3224429878464]]","[[0.01, -0.005, -0.005], [-0.005, 0.01, -0.005], [-0.005, -0.005, 0.01]]"
35,0.1,"[[1353.3462193940068, -52132.20528478316, -26580.07941131448], [52417.377503273805, 1405.7472693125746, -6619.3107560953285], [26901.946170486466, 6841.27325642771, 1383.4648935115983]]","[[0.01, -0.005, -0.005], [-0.005, 0.01, -0.005], [-0.005, -0.005, 0.01]]"
36,0.0,"[[20408.03873044, -21278.4134144, -23980.34236832], [-1202.59004604, 17228.46028696, -10761.64685068], [-337.99632024, -7294.12051584, 18226.94704296]]","[[0.01, -0.005, -0.005], [-0.005, 0.01, -0.005], [-0.005, -0.005, 0.01]]"
37,0.0125,"[[14564.105146347736, -20321.4707558654, -18941.316190764155], [5820.011435857213, 12167.483285046676, -7531.286082664685], [3099.9626430428275, -3593.6377884733693, 12900.578211170647]]","[[0.01, -0.005, -0.005], [-0.005, 0.01, -0.005], [-0.005, -0.005, 0.01]]"
38,0.025,"[[9049.895087989906, -19822.97253945771, -14413.146518725462], [12812.126676017951, 7400.138461676914, -4559.265196191489], [6534.781972807368, -77.30349023370673, 7880.9649568201785]]","[[0.01, -0.005, -0.005], [-0.005, 0.01, -0.005], [-0.005, -0.005, 0.01]]"
39,0.0375,"[[4195.1320811009355, -20241.36320730382, -10906.689857721089], [19743.269432705736, 3220.057995394276, -2103.924072802525], [9963.322035535331, 3070.733949752018, 3474.862857347489]]","[[0.01, -0.005, -0.005], [-0.005, 0.01, -0.005], [-0.005, -0.005, 0.01]]"
40,0.05,"[[329.53965141524895, -22035.08720153065, -8932.802713268185], [26582.953464184102, -79.1259352576817, -423.60259403991586], [13382.443197708435, 5666.326102356841, -10.972509808550967]]","[[0.01, -0.005, -0.005], [-0.005, 0.01, -0.005], [-0.005, -0.005, 0.01]]"
41,0.0625,"[[-2217.1586753327138, -25662.588964265087, -9002.341590883916], [33300.692528716565, -2203.7811517353875, 223.35935855422758], [16789.005825808385, 7525.324538453788, -2269.785567209041]]","[[0.01, -0.005, -0.005], [-0.005, 0.01, -0.005], [-0.005, -0.005, 0.01]]"
42,0.075,"[[-3115.239373408527, -31582.31293763406, -11626.16299608544], [39866.00038456665, -2860.275475495291, -421.3780965622136], [20179.8702863169, 8463.580828915892, -2994.8207374151025]]","[[0.01, -0.005, -0.005], [-0.005, 0.01, -0.005], [-0.005, -0.005, 0.01]]"
43,0.0875,"[[-2034.9789170777658, -40252.70356376444, -17315.123434389905], [46248.39078999789, -1754.9767279938242, -2616.154840931358], [23551.896945715685, 8296.946544616188, -1879.3224429878464]]","[[0.01, -0.005, -0.005], [-0.005, 0.01, -0.005], [-0.005, -0.005, 0.01]]"
44,0.1,"[[1353.3462193940068, -52132.20528478316, -26580.07941131448], [52417.377503273805, 1405.7472693125746, -6619.3107560953285], [26901.946170486466, 6841.27325642771, 1383.4648935115983]]","[[0.01, -0.005, -0.005], [-0.005, 0.01, -0.005], [-0.005, -0.005, 0.01]]"
45,0.0,"[[20408.03873044, -21278.4134144, -23980.34236832], [-1202.59004604, 17228.46028696, -10761.64685068], [-337.99632024, -7294.12051584, 18226.94704296]]","[[0.01, -0.005, -0.005], [-0.005, 0.01, -0.005], [-0.005, -0.005, 0.01]]"
46,0.0125,"[[14564.105146347736, -20321.4707558654, -18941.316190764155], [5820.011435857213, 12167.483285046676, -7531.286082664685], [3099.9626430428275, -3593.6377884733693, 12900.578211170647]]","[[0.01, -0.005, -0.005], [-0.005, 0.01, -0.005], [-0.005, -0.005, 0.01]]"
47,0.025,"[[9049.895087989906, -19822.97253945771, -14413.146518725462], [12812.126676017951, 7400.138461676914, -4559.265196191489], [6534.781972807368, -77.30349023370673, 7880.9649568201785]]","[[0.01, -0.005, -0.005], [-0.005, 0.01, -0.005], [-0.005, -0.005, 0.01]]"
48,0.0375,"[[4195.1320811009355, -20241.36320730382, -10906.689857721089], [19743.269432705736, 3220.057995394276, -2103.924072802525], [9963.322035535331, 3070.733949752018, 3474.862857347489]]","[[0.01, -0.005, -0.005], [-0.005, 0.01, -0.005], [-0.005, -0.005, 0.01]]"
49,0.05,"[[329.53965141524895, -22035.08720153065, -8932.802713268185], [26582.953464184102, -79.1259352576817, -423.60259403991586], [13382.443197708435, 5666.326102356841, -10.972509808550967]]","[[0.01, -0.005, -0.005], [-0.005, 0.01, -0.005], [-0.005, -0.005, 0.01]]"
50,0.0625,"[[-2217.1586753327138, -25662.588964265087, -9002.341590883916], [33300.692528716565, -2203.7811517353875, 223.35935855422758], [16789.005825808385, 7525.324538453788, -2269.785567209041]]","[[0.01, -0.005, -0.005], [-0.005, 0.01, -0.005], [-0.005, -0.005, 0.01]]"
51,0.075,"[[-3115.239373408527, -31582.31293763406, -11626.16299608544], [39866.00038456665, -2860.275475495291, -421.3780965622136], [20179.8702863169, 8463.580828915892, -2994.8207374151025]]","[[0.01, -0.005, -0.005], [-0.005, 0.01, -0.005], [-0.005, -0.005, 0.01]]"
52,0.0875,"[[-2034.9789170777658, -40252.70356376444, -17315.123434389905], [46248.39078999789, -1754.9767279938242, -2616.154840931358], [23551.896945715685, 8296.946544616188, -1879.3224429878464]]","[[0.01, -0.005, -0.005], [-0.005, 0.01, -0.005], [-0.005, -0.005, 0.01]]"
53,0.1,"[[1353.3462193940068, -52132.20528478316, -26580.07941131448], [52417.377503273805, 1405.7472693125746, -6619.3107560953285], [26901.946170486466, 6841.27325642771, 1383.4648935115983]]","[[0.01, -0.005, -0.005], [-0.005, 0.01, -0.005], [-0.005, -0.005, 0.01]]"
54,0.0,"[[20408.03873044, -21278.4134144, -23980.34236832], [-1202.59004604, 17228.46028696, -10761.64685068], [-337.99632024, -7294.12051584, 18226.94704296]]","[[0.01, -0.005, -0.005], [-0.005, 0.01, -0.005], [-0.005, -0.005, 0.01]]"
55,0.0125,"[[14564.105146347736, -20321.4707558654, -18941.316190764155], [5820.011435857213, 12167.483285046676, -7531.286082664685], [3099.9626430428275, -3593.6377884733693, 12900.578211170647]]","[[0.01, -0.005, -0.005], [-0.005, 0.01, -0.005], [-0.005, -0.005, 0.01]]"
56,0.025,"[[9049.895087989906, -19822.97253945771, -14413.146518725462], [12812.126676017951, 7400.138461676914, -4559.265196191489], [6534.781972807368, -77.30349023370673, 7880.9649568201785]]","[[0.01, -0.005, -0.005], [-0.005, 0.01, -0.005], [-0.005, -0.005, 0.01]]"
57,0.0375,"[[4195.1320811009355, -20241.36320730382, -10906.689857721089], [19743.269432705736, 3220.057995394276, -2103.924072802525], [9963.322035535331, 3070.733949752018, 3474.862857347489]]","[[0.01, -0.005, -0.005], [-0.005, 0.01, -0.005], [-0.005, -0.005, 0.01]]"
58,0.05,"[[329.53965141524895, -22035.08720153065, -8932.802713268185], [26582.953464184102, -79.1259352576817, -423.60259403991586], [13382.443197708435, 5666.326102356841, -10.972509808550967]]","[[0.01, -0.005, -0.005], [-0.005, 0.01, -0.005], [-0.005, -0.005, 0.01]]"
59,0.0625,"[[-2217.1586753327138, -25662.588964265087, -9002.341590883916], [33300.692528716565, -2203.7811517353875, 223.35935855422758], [16789.005825808385, 7525.324538453788, -2269.785567209041]]","[[0.01, -0.005, -0.005], [-0.005, 0.01, -0.005], [-0.005, -0.005, 0.01]]"
60,0.075,"[[-3115.239373408527, -31582.31293763406, -11626.16299608544], [39866.00038456665, -2860.275475495291, -421.3780965622136], [20179.8702863169, 8463.580828915892, -2994.8207374151025]]","[[0.01, -0.005, -0.005], [-0.005, 0.01, -0.005], [-0.005, -0.005, 0.01]]"
61,0.0875,"[[-2034.9789170777658, -40252.70356376444, -17315.123434389905], [46248.39078999789, -1754.9767279938242, -2616.154840931358], [23551.896945715685, 8296.946544616188, -1879.3224429878464]]","[[0.01, -0.005, -0.005], [-0.005, 0.01, -0.005], [-0.005, -0.005, 0.01]]"
62,0.1,"[[1353.3462193940068, -52132.20528478316, -26580.07941131448], [52417.377503273805, 1405.7472693125746, -6619.3107560953285], [26901.946170486466, 6841.27325642771, 1383.4648935115983]]","[[0.01, -0.005, -0.005], [-0.005, 0.01, -0.005], [-0.005, -0.005, 0.01]]"
63,0.0,"[[20408.03873044, -21278.4134144, -23980.34236832], [-1202.59004604, 17228.46028696, -10761.64685068], [-337.99632024, -7294.12051584, 18226.94704296]]","[[0.01, -0.005, -0.005], [-0.005, 0.01, -0.005], [-0.005, -0.005, 0.01]]"
64,0.0125,"[[14564.105146347736, -20321.4707558654, -18941.316190764155], [5820.011435857213, 12167.483285046676, -7531.286082664685], [3099.9626430428275, -3593.6377884733693, 12900.578211170647]]","[[0.01, -0.005, -0.005], [-0.005, 0.01, -0.005], [-0.005, -0.005, 0.01]]"
65,0.025,"[[9049.895087989906, -19822.97253945771, -14413.146518725462], [12812.126676017951, 7400.138461676914, -4559.265196191489], [6534.781972807368, -77.30349023370673, 7880.9649568201785]]","[[0.01, -0.005, -0.005], [-0.005, 0.01, -0.005], [-0.005, -0.005, 0.01]]"
66,0.0375,"[[4195.1320811009355, -20241.36320730382, -10906.689857721089], [19743.269432705736, 3220.057995394276, -2103.924072802525], [9963.322035535331, 3070.733949752018, 3474.862857347489]]","[[0.01, -0.005, -0.005], [-0.005, 0.01, -0.005], [-0.005, -0.005, 0.01]]"
67,0.05,"[[329.53965141524895, -22035.08720153065, -8932.802713268185], [26582.953464184102, -79.1259352576817, -423.60259403991586], [13382.443197708435, 5666.326102356841, -10.972509808550967]]","[[0.01, -0.005, -0.005], [-0.005, 0.01, -0.005], [-0.005, -0.005, 0.01]]"
68,0.0625,"[[-2217.1586753327138, -25662.588964265087, -9002.341590883916], [33300.692528716565, -2203.7811517353875, 223.35935855422758], [16789.005825808385, 7525.324538453788, -2269.785567209041]]","[[0.01, -0.005, -0.005], [-0.005, 0.01, -0.005], [-0.005, -0.005, 0.01]]"
69,0.075,"[[-3115.239373408527, -31582.31293763406, -11626.16299608544], [39866.00038456665, -2860.275475495291, -421.3780965622136], [20179.8702863169, 8463.580828915892, -2994.8207374151025]]","[[0.01, -0.005, -0.005], [-0.005, 0.01, -0.005], [-0.005, -0.005, 0.01]]"
70,0.0875,"[[-2034.9789170777658, -40252.70356376444, -17315.123434389905], [46248.39078999789, -1754.9767279938242, -2616.154840931358], [23551.896945715685, 8296.946544616188, -1879.3224429878464]]","[[0.01, -0.005, -0.005], [-0.005, 0.01, -0.005], [-0.005, -0.005, 0.01]]"
71,0.1,"[[1353.3462193940068, -52132.20528478316, -26580.07941131448], [52417.377503273805, 1405.7472693125746, -6619.3107560953285], [26901.946170486466, 6841.27325642771, 1383.4648935115983]]","[[0.01, -0.005, -0.005], [-0.005, 0.01, -0.005], [-0.005, -0.005, 0.01]]"
72,0.0,"[[20408.03873044, -21278.4134144, -23980.34236832], [-1202.59004604, 17228.46028696, -10761.64685068], [-337.99632024, -7294.12051584, 18226.94704296]]","[[0.01, -0.005, -0.005], [-0.005, 0.01, -0.005], [-0.005, -0.005, 0.01]]"
73,0.0125,"[[14564.105146347736, -20321.4707558654, -18941.316190764155], [5820.011435857213, 12167.483285046676, -7531.286082664685], [3099.9626430428275, -3593.6377884733693, 12900.578211170647]]","[[0.01, -0.005, -0.005], [-0.005, 0.01, -0.005], [-0.005, -0.005, 0.01]]"
74,0.025,"[[9049.895087989906, -19822.97253945771, -14413.146518725462], [12812.126676017951, 7400.138461676914, -4559.265196191489], [6534.781972807368, -77.30349023370673, 7880.9649568201785]]","[[0.01, -0.005, -0.005], [-0.005, 0.01, -0.005], [-0.005, -0.005, 0.01]]"
75,0.0375,"[[4195.1320811009355, -20241.36320730382, -10906.689857721089], [19743.269432705736, 3220.057995394276, -2103.924072802525], [9963.322035535331, 3070.733949752018, 3474.862857347489]]","[[0.01, -0.005, -0.005], [-0.005, 0.01, -0.005], [-0.005, -0.005, 0.01]]"
76,0.05,"[[329.53965141524895, -22035.08720153065, -8932.802713268185], [26582.953464184102, -79.1259352576817, -423.60259403991586], [13382.443197708435, 5666.326102356841, -10.972509808550967]]","[[0.01, -0.005, -0.005], [-0.005, 0.01, -0.005], [-0.005, -0.005, 0.01]]"
77,0.0625,"[[-2217.1586753327138, -25662.588964265087, -9002.341590883916], [33300.692528716565, -2203.7811517353875, 223.35935855422758], [16789.005825808385, 7525.324538453788, -2269.785567209041]]","[[0.01, -0.005, -0.005], [-0.005, 0.01, -0.005], [-0.005, -0.005, 0.01]]"
78,0.075,"[[-3115.239373408527, -31582.31293763406, -11626.16299608544], [39866.00038456665, -2860.275475495291, -421.3780965622136], [20179.8702863169, 8463.580828915892, -2994.8207374151025]]","[[0.01, -0.005, -0.005], [-0.005, 0.01, -0.005], [-0.005, -0.005, 0.01]]"
79,0.0875,"[[-2034.9789170777658, -40252.70356376444, -17315.123434389905], [46248.39078999789, -1754.9767279938242, -2616.154840931358], [23551.896945715685, 8296.946544616188, -1879.3224429878464]]","[[0.01, -0.005, -0.005], [-0.005, 0.01, -0.005], [-0.005, -0.005, 0.01]]"
80,0.1,"[[1353.3462193940068, -52132.20528478316, -26580.07941131448], [52417.377503273805, 1405.7472693125746, -6619.3107560953285], [26901.946170486466, 6841.27325642771, 1383.4648935115983]]","[[0.01, -0.005, -0.005], [-0.005, 0.01, -0.005], [-0.005, -0.005, 0.01]]"
81,0.0,"[[20408.03873044, -21278.4134144, -23980.34236832], [-1202.59004604, 17228.46028696, -10761.64685068], [-337.99632024, -7294.12051584, 18226.94704296]]","[[0.01, -0.005, -0.005], [-0.005, 0.01, -0.005], [-0.005, -0.005, 0.01]]"
82,0.0125,"[[14564.105146347736, -20321.4707558654, -18941.316190764155], [5820.011435857213, 12167.483285046676, -7531.286082664685], [3099.9626430428275, -3593.6377884733693, 12900.578211170647]]","[[0.01, -0.005, -0.005], [-0.005, 0.01, -0.005], [-0.005, -0.005, 0.01]]"
83,0.025,"[[9049.895087989906, -19822.97253945771, -14413.146518725462], [12812.126676017951, 7400.138461676914, -4559.265196191489], [6534.781972807368, -77.30349023370673, 7880.9649568201785]]","[[0.01, -0.005, -0.005], [-0.005, 0.01, -0.005], [-0.005, -0.005, 0.01]]"
84,0.0375,"[[4195.1320811009355, -20241.36320730382, -10906.689857721089], [19743.269432705736, 3220.057995394276, -2103.924072802525], [9963.322035535331, 3070.733949752018, 3474.862857347489]]","[[0.01, -0.005, -0.005], [-0.005, 0.01, -0.005], [-0.005, -0.005, 0.01]]"
85,0.05,"[[329.53965141524895, -22035.08720153065, -8932.802713268185], [26582.953464184102, -79.1259352576817, -423.60259403991586], [13382.443197708435, 5666.326102356841, -10.972509808550967]]","[[0.01, -0.005, -0.005], [-0.005, 0.01, -0.005], [-0.005, -0.005, 0.01]]"
86,0.0625,"[[-2217.1586753327138, -25662.588964265087, -9002.341590883916], [33300.692528716565, -2203.7811517353875, 223.35935855422758], [16789.005825808385, 7525.324538453788, -2269.785567209041]]","[[0.01, -0.005, -0.005], [-0.005, 0.01, -0.005], [-0.005, -0.005, 0.01]]"
87,0.075,"[[-3115.239373408527, -31582.31293763406, -11626.16299608544], [39866.00038456665, -2860.275475495291, -421.3780965622136], [20179.8702863169, 8463.580828915892, -2994.8207374151025]]","[[0.01, -0.005, -0.005], [-0.005, 0.01, -0.005], [-0.005, -0.005, 0.01]]"
88,0.0875,"[[-2034.9789170777658, -40252.70356376444, -17315.123434389905], [46248.39078999789, -1754.9767279938242, -2616.154840931358], [23551.896945715685, 8296.946544616188, -1879.3224429878464]]","[[0.01, -0.005, -0.005], [-0.005, 0.01, -0.005], [-0.005, -0.005, 0.01]]"
89,0.1,"[[1353.3462193940068, -52132.20528478316, -26580.07941131448], [52417.377503273805, 1405.7472693125746, -6619.3107560953285], [26901.946170486466, 6841.27325642771, 1383.4648935115983]]","[[0.01, -0.005, -0.005], [-0.005, 0.01, -0.005], [-0.005, -0.005, 0.01]]"
90,0.0,"[[20408.03873044, -21278.4134144, -23980.34236832], [-1202.59004604, 17228.46028696, -10761.64685068], [-337.99632024, -7294.12051584, 18226.94704296]]","[[0.01, -0.005, -0.005], [-0.005, 0.01, -0.005], [-0.005, -0.005, 0.01]]"
91,0.0125,"[[14564.105146347736, -20321.4707558654, -18941.316190764155], [5820.011435857213, 12167.483285046676, -7531.286082664685], [3099.9626430428275, -3593.6377884733693, 12900.578211170647]]","[[0.01, -0.005, -0.005], [-0.005, 0.01, -0.005], [-0.005, -0.005, 0.01]]"
92,0.025,"[[9049.895087989906, -19822.97253945771, -14413.146518725462], [12812.126676017951, 7400.138461676914, -4559.265196191489], [6534.781972807368, -77.30349023370673, 7880.9649568201785]]","[[0.01, -0.005, -0.005], [-0.005, 0.01, -0.005], [-0.005, -0.005, 0.01]]"
93,0.0375,"[[4195.1320811009355, -20241.36320730382, -10906.689857721089], [19743.269432705736, 3220.057995394276, -2103.924072802525], [9963.322035535331, 3070.733949752018, 3474.862857347489]]","[[0.01, -0.005, -0.005], [-0.005, 0.01, -0.005], [-0.005, -0.005, 0.01]]"
94,0.05,"[[329.53965141524895, -22035.08720153065, -8932.802713268185], [26582.953464184102, -79.1259352576817, -423.60259403991586], [13382.443197708435, 5666.326102356841, -10.972509808550967]]","[[0.01, -0.005, -0.005], [-0.005, 0.01, -0.005], [-0.005, -0.005, 0.01]]"
95,0.0625,"[[-2217.1586753327138, -25662.588964265087, -9002.341590883916], [33300.692528716565, -2203.7811517353875, 223.35935855422758], [16789.005825808385, 7525.324538453788, -2269.785567209041]]","[[0.01, -0.005, -0.005], [-0.005, 0.01, -0.005], [-0.005, -0.005, 0.01]]"
96,0.075,"[[-3115.239373408527, -31582.31293763406, -11626.16299608544], [39866.00038456665, -2860.275475495291, -421.3780965622136], [20179.8702863169, 8463.580828915892, -2994.8207374151025]]","[[0.01, -0.005, -0.005], [-0.005, 0.01, -0.005], [-0.005, -0.005, 0.01]]"
97,0.0875,"[[-2034.9789170777658, -40252.70356376444, -17315.123434389905], [46248.39078999789, -1754.9767279938242, -2616.154840931358], [23551.896945715685, 8296.946544616188, -1879.3224429878464]]","[[0.01, -0.005, -0.005], [-0.005, 0.01, -0.005], [-0.005, -0.005, 0.01]]"
98,0.1,"[[1353.3462193940068, -52132.20528478316, -26580.07941131448], [52417.377503273805, 1405.7472693125746, -6619.3107560953285], [26901.946170486466, 6841.27325642771, 1383.4648935115983]]","[[0.01, -0.005, -0.005], [-0.005, 0.01, -0.005], [-0.005, -0.005, 0.01]]"
99,0.0,"[[20408.03873044, -21278.4134144, -23980.34236832], [-1202.59004604, 17228.46028696, -10761.64685068], [-337.99632024, -7294.12051584, 18226.94704296]]","[[0.01, -0.005, -0.005], [-0.005, 0.01, -0.005], [-0.005, -0.005, 0.01]]"
100,0.0125,"[[14564.105146347736, -20321.4707558654, -18941.316190764155], [5820.011435857213, 12167.483285046676, -7531.286082664685], [3099.9626430428275, -3593.6377884733693, 12900.578211170647]]","[[0.01, -0.005, -0.005], [-0.005, 0.01, -0.005], [-0.005, -0.005, 0.01]]"
101,0.025,"[[9049.895087989906, -19822.97253945771, -14413.146518725462], [12812.126676017951, 7400.138461676914, -4559.265196191489], [6534.781972807368, -77.30349023370673, 7880.9649568201785]]","[[0.01, -0.005, -0.005], [-0.005, 0.01, -0.005], [-0.005, -0.005, 0.01]]"
102,0.0375,"[[4195.1320811009355, -20241.36320730382, -10906.689857721089], [19743.269432705736, 3220.057995394276, -2103.924072802525], [9963.322035535331, 3070.733949752018, 3474.862857347489]]","[[0.01, -0.005, -0.005], [-0.005, 0.01, -0.005], [-0.005, -0.005, 0.01]]"
103,0.05,"[[329.53965141524895, -22035.08720153065, -8932.802713268185], [26582.953464184102, -79.1259352576817, -423.60259403991586], [13382.443197708435, 5666.326102356841, -10.972509808550967]]","[[0.01, -0.005, -0.005], [-0.005, 0.01, -0.005], [-0.005, -0.005, 0.01]]"
104,0.0625,"[[-2217.1586753327138, -25662.588964265087, -9002.341590883916], [33300.692528716565, -2203.7811517353875, 223.35935855422758], [16789.005825808385, 7525.324538453788, -2269.785567209041]]","[[0.01, -0.005, -0.005], [-0.005, 0.01, -0.005], [-0.005, -0.005, 0.01]]"
105,0.075,"[[-3115.239373408527, -31582.31293763406, -11626.16299608544], [39866.00038456665, -2860.275475495291, -421.3780965622136], [20179.8702863169, 8463.580828915892, -2994.8207374151025]]","[[0.01, -0.005, -0.005], [-0.005, 0.01, -0.005], [-0.005, -0.005, 0.01]]"
106,0.0875,"[[-2034.9789170777658, -40252.70356376444, -17315.123434389905], [46248.39078999789, -1754.9767279938242, -2616.154840931358], [23551.896945715685, 8296.946544616188, -1879.3224429878464]]","[[0.01, -0.005, -0.005], [-0.005, 0.01, -0.005], [-0.005, -0.005, 0.01]]"
107,0.1,"[[1353.3462193940068, -52132.20528478316, -26580.07941131448], [52417.377503273805, 1405.7472693125746, -6619.3107560953285], [26901.946170486466, 6841.27325642771, 1383.4648935115983]]","[[0.01, -0.005, -0.005], [-0.005, 0.01, -0.005], [-0.005, -0.005, 0.01]]"
108,0.0,"[[20408.03873044, -21278.4134144, -23980.34236832], [-1202.59004604, 17228.46028696, -10761.64685068], [-337.99632024, -7294.12051584, 18226.94704296]]","[[0.01, -0.005, -0.005], [-0.005, 0.01, -0.005], [-0.005, -0.005, 0.01]]"
109,0.0125,"[[14564.105146347736, -20321.4707558654, -18941.316190764155], [5820.011435857213, 12167.483285046676, -7531.286082664685], [3099.9626430428275, -3593.6377884733693, 12900.578211170647]]","[[0.01, -0.005, -0.005], [-0.005, 0.01, -0.005], [-0.005, -0.005, 0.01]]"
110,0.025,"[[9049.895087989906, -19822.97253945771, -14413.146518725462], [12812.126676017951, 7400.138461676914, -4559.265196191489], [6534.781972807368, -77.30349023370673, 7880.9649568201785]]","[[0.01, -0.005, -0.005], [-0.005, 0.01, -0.005], [-0.005, -0.005, 0.01]]"
111,0.0375,"[[4195.1320811009355, -20241.36320730382, -10906.689857721089], [19743.269432705736, 3220.057995394276, -2103.924072802525], [9963.322035535331, 3070.733949752018, 3474.862857347489]]","[[0.01, -0.005, -0.005], [-0.005, 0.01, -0.005], [-0.005, -0.005, 0.01]]"
112,0.05,"[[329.53965141524895, -22035.08720153065, -8932.802713268185], [26582.953464184102, -79.1259352576817, -423.60259403991586], [13382.443197708435, 5666.326102356841, -10.972509808550967]]","[[0.01, -0.005, -0.005], [-0.005, 0.01, -0.005], [-0.005, -0.005, 0.01]]"
113,0.0625,"[[-2217.1586753327138, -25662.588964265087, -9002.341590883916], [33300.692528716565, -2203.7811517353875, 223.35935855422758], [16789.005825808385, 7525.324538453788, -2269.785567209041]]","[[0.01, -0.005, -0.005], [-0.005, 0.01, -0.005], [-0.005, -0.005, 0.01]]"
114,0.075,"[[-3115.239373408527, -31582.31293763406, -11626.16299608544], [39866.00038456665, -2860.275475495291, -421.3780965622136], [20179.8702863169, 8463.580828915892, -2994.8207374151025]]","[[0.01, -0.005, -0.005], [-0.005, 0.01, -0.005], [-0.005, -0.005, 0.01]]"
115,0.0875,"[[-2034.9789170777658, -40252.70356376444, -17315.123434389905], [46248.39078999789, -1754.9767279938242, -2616.154840931358], [23551.896945715685, 8296.946544616188, -1879.3224429878464]]","[[0.01, -0.005, -0.005], [-0.005, 0.01, -0.005], [-0.005, -0.005, 0.01]]"
116,0.1,"[[1353.3462193940068, -52132.20528478316, -26580.07941131448], [52417.377503273805, 1405.7472693125746, -6619.3107560953285], [26901.946170486466, 6841.27325642771, 1383.4648935115983]]","[[0.01, -0.005, -0.005], [-0.005, 0.01, -0.005], [-0.005, -0.005, 0.01]]"
117,0.0,"[[20408.03873044, -21278.4134144, -23980.34236832], [-1202.59004604, 17228.46028696, -10761.64685068], [-337.99632024, -7294.12051584, 18226.94704296]]","[[0.01, -0.005, -0.005], [-0.005, 0.01, -0.005], [-0.005, -0.005, 0.01]]"
118,0.0125,"[[14564.105146347736, -20321.4707558654, -18941.316190764155], [5820.011435857213, 12167.483285046676, -7531.286082664685], [3099.9626430428275, -3593.6377884733693, 12900.578211170647]]","[[0.01, -0.005, -0.005], [-0.005, 0.01, -0.005], [-0.005, -0.005, 0.01]]"
119,0.025,"[[9049.895087989906, -19822.97253945771, -14413.146518725462], [12812.126676017951, 7400.138461676914, -4559.265196191489], [6534.781972807368, -77.30349023370673, 7880.9649568201785]]","[[0.01, -0.005, -0.005], [-0.005, 0.01, -0.005], [-0.005, -0.005, 0.01]]"
120,0.0375,"[[4195.1320811009355, -20241.36320730382, -10906.689857721089], [19743.269432705736, 3220.057995394276, -2103.924072802525], [9963.322035535331, 3070.733949752018, 3474.862857347489]]","[[0.01, -0.005, -0.005], [-0.005, 0.01, -0.005], [-0.005, -0.005, 0.01]]"
121,0.05,"[[329.53965141524895, -22035.08720153065, -8932.802713268185], [26582.953464184102, -79.1259352576817, -423.60259403991586], [13382.443197708435, 5666.326102356841, -10.972509808550967]]","[[0.01, -0.005, -0.005], [-0.005, 0.01, -0.005], [-0.005, -0.005, 0.01]]"
122,0.0625,"[[-2217.1586753327138, -25662.588964265087, -9002.341590883916], [33300.692528716565, -2203.7811517353875, 223.35935855422758], [16789.005825808385, 7525.324538453788, -2269.785567209041]]","[[0.01, -0.005, -0.005], [-0.005, 0.01, -0.005], [-0.005, -0.005, 0.01]]"
123,0.075,"[[-3115.239373408527, -31582.31293763406, -11626.16299608544], [39866.00038456665, -2860.275475495291, -421.3780965622136], [20179.8702863169, 8463.580828915892, -2994.8207374151025]]","[[0.01, -0.005, -0.005], [-0.005, 0.01, -0.005], [-0.005, -0.005, 0.01]]"
124,0.0875,"[[-2034.9789170777658, -40252.70356376444, -17315.123434389905], [46248.39078999789, -1754.9767279938242, -2616.154840931358], [23551.896945715685, 8296.946544616188, -1879.3224429878464]]","[[0.01, -0.005, -0.005], [-0.005, 0.01, -0.005], [-0.005, -0.005, 0.01]]"
125,0.1,"[[1353.3462193940068, -52132.20528478316, -26580.07941131448], [52417.377503273805, 1405.7472693125746, -6619.3107560953285], [26901.946170486466, 6841.27325642771, 1383.4648935115983]]","[[0.01, -0.005, -0.005], [-0.005, 0.01, -0.005], [-0.005, -0.005, 0.01]]"
126,0.0,"[[20408.03873044, -21278.4134144, -23980.34236832], [-1202.59004604, 17228.46028696, -10761.64685068], [-337.99632024, -7294.12051584, 18226.94704296]]","[[0.01, -0.005, -0.005], [-0.005, 0.01, -0.005], [-0.005, -0.005, 0.01]]"
127,0.0125,"[[14564.105146347736, -20321.4707558654, -18941.316190764155], [5820.011435857213, 12167.483285046676, -7531.286082664685], [3099.9626430428275, -3593.6377884733693, 12900.578211170647]]","[[0.01, -0.005, -0.005], [-0.005, 0.01, -0.005], [-0.005, -0.005, 0.01]]"
128,0.025,"[[9049.895087989906, -19822.97253945771, -14413.146518725462], [12812.126676017951, 7400.138461676914, -4559.265196191489], [6534.781972807368, -77.30349023370673, 7880.9649568201785]]","[[0.01, -0.005, -0.005], [-0.005, 0.01, -0.005], [-0.005, -0.005, 0.01]]"
129,0.0375,"[[4195.1320811009355, -20241.36320730382, -10906.689857721089], [19743.269432705736, 3220.057995394276, -2103.924072802525], [9963.322035535331, 3070.733949752018, 3474.862857347489]]","[[0.01, -0.005, -0.005], [-0.005, 0.01, -0.005], [-0.005, -0.005, 0.01]]"
130,0.05,"[[329.53965141524895, -22035.08720153065, -8932.802713268185], [26582.953464184102, -79.1259352576817, -423.60259403991586], [13382.443197708435, 5666.326102356841, -10.972509808550967]]","[[0.01, -0.005, -0.005], [-0.005, 0.01, -0.005], [-0.005, -0.005, 0.01]]"
131,0.0625,"[[-2217.1586753327138, -25662.588964265087, -9002.341590883916], [33300.692528716565, -2203.7811517353875, 223.35935855422758], [16789.005825808385, 7525.324538453788, -2269.785567209041]]","[[0.01, -0.005, -0.005], [-0.005, 0.01, -0.005], [-0.005, -0.005, 0.01]]"
132,0.075,"[[-3115.239373408527, -31582.31293763406, -11626.16299608544], [39866.00038456665, -2860.275475495291, -421.3780965622136], [20179.8702863169, 8463.580828915892, -2994.8207374151025]]","[[0.01, -0.005, -0.005], [-0.005, 0.01, -0.005], [-0.005, -0.005, 0.01]]"
133,0.0875,"[[-2034.9789170777658, -40252.70356376444, -17315.123434389905], [46248.39078999789, -1754.9767279938242, -2616.154840931358], [23551.896945715685, 8296.946544616188, -1879.3224429878464]]","[[0.01, -0.005, -0.005], [-0.005, 0.01, -0.005], [-0.005, -0.005, 0.01]]"
134,0.1,"[[1353.3462193940068, -52132.20528478316, -26580.07941131448], [52417.377503273805, 1405.7472693125746, -6619.3107560953285], [26901.946170486466, 6841.27325642771, 1383.4648935115983]]","[[0.01, -0.005, -0.005], [-0.005, 0.01, -0.005], [-0.005, -0.005, 0.01]]"
135,0.0,"[[20408.03873044, -21278.4134144, -23980.34236832], [-1202.59004604, 17228.46028696, -10761.64685068], [-337.99632024, -7294.12051584, 18226.94704296]]","[[0.01, -0.005, -0.005], [-0.005, 0.01, -0.005], [-0.005, -0.005, 0.01]]"
136,0.0125,"[[14564.105146347736, -20321.4707558654, -18941.316190764155], [5820.011435857213, 12167.483285046676, -7531.286082664685], [3099.9626430428275, -3593.6377884733693, 12900.578211170647]]","[[0.01, -0.005, -0.005], [-0.005, 0.01, -0.005], [-0.005, -0.005, 0.01]]"
137,0.025,"[[9049.895087989906, -19822.97253945771, -14413.146518725462], [12812.126676017951, 7400.138461676914, -4559.265196191489], [6534.781972807368, -77.30349023370673, 7880.9649568201785]]","[[0.01, -0.005, -0.005], [-0.005, 0.01, -0.005], [-0.005, -0.005, 0.01]]"
138,0.0375,"[[4195.1320811009355, -20241.36320730382, -10906.689857721089], [19743.269432705736, 3220.057995394276, -2103.924072802525], [9963.322035535331, 3070.733949752018, 3474.862857347489]]","[[0.01, -0.005, -0.005], [-0.005, 0.01, -0.005], [-0.005, -0.005, 0.01]]"
139,0.05,"[[329.53965141524895, -22035.08720153065, -8932.802713268185], [26582.953464184102, -79.1259352576817, -423.60259403991586], [13382.443197708435, 5666.326102356841, -10.972509808550967]]","[[0.01, -0.005, -0.005], [-0.005, 0.01, -0.005], [-0.005, -0.005, 0.01]]"
140,0.0625,"[[-2217.1586753327138, -25662.588964265087, -9002.341590883916], [33300.692528716565, -2203.7811517353875, 223.35935855422758], [16789.005825808385, 7525.324538453788, -2269.785567209041]]","[[0.01, -0.005, -0.005], [-0.005, 0.01, -0.005], [-0.005, -0.005, 0.01]]"
141,0.075,"[[-3115.239373408527, -31582.31293763406, -11626.16299608544], [39866.00038456665, -2860.275475495291, -421.3780965622136], [20179.8702863169, 8463.580828915892, -2994.8207374151025]]","[[0.01, -0.005, -0.005], [-0.005, 0.01, -0.005], [-0.005, -0.005, 0.01]]"
142,0.0875,"[[-2034.9789170777658, -40252.70356376444, -17315.123434389905], [46248.39078999789, -1754.9767279938242, -2616.154840931358], [23551.896945715685, 8296.946544616188, -1879.3224429878464]]","[[0.01, -0.005, -0.005], [-0.005, 0.01, -0.005], [-0.005, -0.005, 0.01]]"
143,0.1,"[[1353.3462193940068, -52132.20528478316, -26580.07941131448], [52417.377503273805, 1405.7472693125746, -6619.3107560953285], [26901.946170486466, 6841.27325642771, 1383.4648935115983]]","[[0.01, -0.005, -0.005], [-0.005, 0.01, -0.005], [-0.005, -0.005, 0.01]]"
144,0.0,"[[20408.03873044, -21278.4134144, -23980.34236832], [-1202.59004604, 17228.46028696, -10761.64685068], [-337.99632024, -7294.12051584, 18226.94704296]]","[[0.01, -0.005, -0.005], [-0.005, 0.01, -0.005], [-0.005, -0.005, 0.01]]"
145,0.0125,"[[14564.105146347736, -20321.4707558654, -18941.316190764155], [5820.011435857213, 12167.483285046676, -7531.286082664685], [3099.9626430428275, -3593.6377884733693, 12900.578211170647]]","[[0.01, -0.005, -0.005], [-0.005, 0.01, -0.005], [-0.005, -0.005, 0.01]]"
146,0.025,"[[9049.895087989906, -19822.97253945771, -14413.146518725462], [12812.126676017951, 7400.138461676914, -4559.265196191489], [6534.781972807368, -77.30349023370673, 7880.9649568201785]]","[[0.01, -0.005, -0.005], [-0.005, 0.01, -0.005], [-0.005, -0.005, 0.01]]"
147,0.0375,"[[4195.1320811009355, -20241.36320730382, -10906.689857721089], [19743.269432705736, 3220.057995394276, -2103.924072802525], [9963.322035535331, 3070.733949752018, 3474.862857347489]]","[[0.01, -0.005, -0.005], [-0.005, 0.01, -0.005], [-0.005, -0.005, 0.01]]"
148,0.05,"[[329.53965141524895, -22035.08720153065, -8932.802713268185], [26582.953464184102, -79.1259352576817, -423.60259403991586], [13382.443197708435, 5666.326102356841, -10.972509808550967]]","[[0.01, -0.005, -0.005], [-0.005, 0.01, -0.005], [-0.005, -0.005, 0.01]]"
149,0.0625,"[[-2217.1586753327138, -25662.588964265087, -9002.341590883916], [33300.692528716565, -2203.7811517353875, 223.35935855422758], [16789.005825808385, 7525.324538453788, -2269.785567209041]]","[[0.01, -0.005, -0.005], [-0.005, 0.01, -0.005], [-0.005, -0.005, 0.01]]"
150,0.075,"[[-3115.239373408527, -31582.31293763406, -11626.16299608544], [39866.00038456665, -2860.275475495291, -421.3780965622136], [20179.8702863169, 8463.580828915892, -2994.8207374151025]]","[[0.01, -0.005, -0.005], [-0.005, 0.01, -0.005], [-0.005, -0.005, 0.01]]"
151,0.0875,"[[-2034.9789170777658, -40252.70356376444, -17315.123434389905], [46248.39078999789, -1754.9767279938242, -2616.154840931358], [23551.896945715685, 8296.946544616188, -1879.3224429878464]]","[[0.01, -0.005, -0.005], [-0.005, 0.01, -0.005], [-0.005, -0.005, 0.01]]"
152,0.1,"[[1353.3462193940068, -52132.20528478316, -26580.07941131448], [52417.377503273805, 1405.7472693125746, -6619.3107560953285], [26901.946170486466, 6841.27325642771, 1383.4648935115983]]","[[0.01, -0.005, -0.005], [-0.005, 0.01, -0.005], [-0.005, -0.005, 0.01]]"
153,0.0,"[[20408.03873044, -21278.4134144, -23980.34236832], [-1202.59004604, 17228.46028696, -10761.64685068], [-337.99632024, -7294.12051584, 18226.94704296]]","[[0.01, -0.005, -0.005], [-0.005, 0.01, -0.005], [-0.005, -0.005, 0.01]]"
154,0.0125,"[[14564.105146347736, -20321.4707558654, -18941.316190764155], [5820.011435857213, 12167.483285046676, -7531.286082664685], [3099.9626430428275, -3593.6377884733693, 12900.578211170647]]","[[0.01, -0.005, -0.005], [-0.005, 0.01, -0.005], [-0.005, -0.005, 0.01]]"
155,0.025,"[[9049.895087989906, -19822.97253945771, -14413.146518725462], [12812.126676017951, 7400.138461676914, -4559.265196191489], [6534.781972807368, -77.30349023370673, 7880.9649568201785]]","[[0.01, -0.005, -0.005], [-0.005, 0.01, -0.005], [-0.005, -0.005, 0.01]]"
156,0.0375,"[[4195.1320811009355, -20241.36320730382, -10906.689857721089], [19743.269432705736, 3220.057995394276, -2103.924072802525], [9963.322035535331, 3070.733949752018, 3474.862857347489]]","[[0.01, -0.005, -0.005], [-0.005, 0.01, -0.005], [-0.005, -0.005, 0.01]]"
157,0.05,"[[329.53965141524895, -22035.08720153065, -8932.802713268185], [26582.953464184102, -79.1259352576817, -423.60259403991586], [13382.443197708435, 5666.326102356841, -10.972509808550967]]","[[0.01, -0.005, -0.005], [-0.005, 0.01, -0.005], [-0.005, -0.005, 0.01]]"
158,0.0625,"[[-2217.1586753327138, -25662.588964265087, -9002.341590883916], [33300.692528716565, -2203.7811517353875, 223.35935855422758], [16789.005825808385, 7525.324538453788, -2269.785567209041]]","[[0.01, -0.005, -0.005], [-0.005, 0.01, -0.005], [-0.005, -0.005, 0.01]]"
159,0.075,"[[-3115.239373408527, -31582.31293763406, -11626.16299608544], [39866.00038456665, -2860.275475495291, -421.3780965622136], [20179.8702863169, 8463.580828915892, -2994.8207374151025]]","[[0.01, -0.005, -0.005], [-0.005, 0.01, -0.005], [-0.005, -0.005, 0.01]]"
160,0.0875,"[[-2034.9789170777658, -40252.70356376444, -17315.123434389905], [46248.39078999789, -1754.9767279938242, -2616.154840931358], [23551.896945715685, 8296.946544616188, -1879.3224429878464]]","[[0.01, -0.005, -0.005], [-0.005, 0.01, -0.005], [-0.005, -0.005, 0.01]]"
161,0.1,"[[1353.3462193940068, -52132.20528478316, -26580.07941131448], [52417.377503273805, 1405.7472693125746, -6619.3107560953285], [26901.946170486466, 6841.27325642771, 1383.4648935115983]]","[[0.01, -0.005, -0.005], [-0.005, 0.01, -0.005], [-0.005, -0.005, 0.01]]"
162,0.0,"[[20408.03873044, -21278.4134144, -23980.34236832], [-1202.59004604, 17228.46028696, -10761.64685068], [-337.99632024, -7294.12051584, 18226.94704296]]","[[0.01, -0.005, -0.005], [-0.005, 0.01, -0.005], [-0.005, -0.005, 0.01]]"
163,0.0125,"[[14564.105146347736, -20321.4707558654, -18941.316190764155], [5820.011435857213, 12167.483285046676, -7531.286082664685], [3099.9626430428275, -3593.6377884733693, 12900.578211170647]]","[[0.01, -0.005, -0.005], [-0.005, 0.01, -0.005], [-0.005, -0.005, 0.01]]"
164,0.025,"[[9049.895087989906, -19822.97253945771, -14413.146518725462], [12812.126676017951, 7400.138461676914, -4559.265196191489], [6534.781972807368, -77.30349023370673, 7880.9649568201785]]","[[0.01, -0.005, -0.005], [-0.005, 0.01, -0.005], [-0.005, -0.005, 0.01]]"
165,0.0375,"[[4195.1320811009355, -20241.36320730382, -10906.689857721089], [19743.269432705736, 3220.057995394276, -2103.924072802525], [9963.322035535331, 3070.733949752018, 3474.862857347489]]","[[0.01, -0.005, -0.005], [-0.005, 0.01, -0.005], [-0.005, -0.005, 0.01]]"
166,0.05,"[[329.53965141524895, -22035.08720153065, -8932.802713268185], [26582.953464184102, -79.1259352576817, -423.60259403991586], [13382.443197708435, 5666.326102356841, -10.972509808550967]]","[[0.01, -0.005, -0.005], [-0.005, 0.01, -0.005], [-0.005, -0.005, 0.01]]"
167,0.0625,"[[-2217.1586753327138, -25662.588964265087, -9002.341590883916], [33300.692528716565, -2203.7811517353875, 223.35935855422758], [16789.005825808385, 7525.324538453788, -2269.785567209041]]","[[0.01, -0.005, -0.005], [-0.005, 0.01, -0.005], [-0.005, -0.005, 0.01]]"
168,0.075,"[[-3115.239373408527, -31582.31293763406, -11626.16299608544], [39866.00038456665, -2860.275475495291, -421.3780965622136], [20179.8702863169, 8463.580828915892, -2994.8207374151025]]","[[0.01, -0.005, -0.005], [-0.005, 0.01, -0.005], [-0.005, -0.005, 0.01]]"
169,0.0875,"[[-2034.9789170777658, -40252.70356376444, -17315.123434389905], [46248.39078999789, -1754.9767279938242, -2616.154840931358], [23551.896945715685, 8296.946544616188, -1879.3224429878464]]","[[0.01, -0.005, -0.005], [-0.005, 0.01, -0.005], [-0.005, -0.005, 0.01]]"
170,0.1,"[[1353.3462193940068, -52132.20528478316, -26580.07941131448], [52417.377503273805, 1405.7472693125746, -6619.3107560953285], [26901.946170486466, 6841.27325642771, 1383.4648935115983]]","[[0.01, -0.005, -0.005], [-0.005, 0.01, -0.005], [-0.005, -0.005, 0.01]]"
171,0.0,"[[20408.03873044, -21278.4134144, -23980.34236832], [-1202.59004604, 17228.46028696, -10761.64685068], [-337.99632024, -7294.12051584, 18226.94704296]]","[[0.01, -0.005, -0.005], [-0.005, 0.01, -0.005], [-0.005, -0.005, 0.01]]"
172,0.0125,"[[14564.105146347736, -20321.4707558654, -18941.316190764155], [5820.011435857213, 12167.483285046676, -7531.286082664685], [3099.9626430428275, -3593.6377884733693, 12900.578211170647]]","[[0.01, -0.005, -0.005], [-0.005, 0.01, -0.005], [-0.005, -0.005, 0.01]]"
173,0.025,"[[9049.895087989906, -19822.97253945771, -14413.146518725462], [12812.126676017951, 7400.138461676914, -4559.265196191489], [6534.781972807368, -77.30349023370673, 7880.9649568201785]]","[[0.01, -0.005, -0.005], [-0.005, 0.01, -0.005], [-0.005, -0.005, 0.01]]"
174,0.0375,"[[4195.1320811009355, -20241.36320730382, -10906.689857721089], [19743.269432705736, 3220.057995394276, -2103.924072802525], [9963.322035535331, 3070.733949752018, 3474.862857347489]]","[[0.01, -0.005, -0.005], [-0.005, 0.01, -0.005], [-0.005, -0.005, 0.01]]"
175,0.05,"[[329.53965141524895, -22035.08720153065, -8932.802713268185], [26582.953464184102, -79.1259352576817, -423.60259403991586], [13382.443197708435, 5666.326102356841, -10.972509808550967]]","[[0.01, -0.005, -0.005], [-0.005, 0.01, -0.005], [-0.005, -0.005, 0.01]]"
176,0.0625,"[[-2217.1586753327138, -25662.588964265087, -9002.341590883916], [33300.692528716565, -2203.7811517353875, 223.35935855422758], [16789.005825808385, 7525.324538453788, -2269.785567209041]]","[[0.01, -0.005, -0.005], [-0.005, 0.01, -0.005], [-0.005, -0.005, 0.01]]"
177,0.075,"[[-3115.239373408527, -31582.31293763406, -11626.16299608544], [39866.00038456665, -2860.275475495291, -421.3780965622136], [20179.8702863169, 8463.580828915892, -2994.8207374151025]]","[[0.01, -0.005, -0.005], [-0.005, 0.01, -0.005], [-0.005, -0.005, 0.01]]"
178,0.0875,"[[-2034.9789170777658, -40252.70356376444, -17315.123434389905], [46248.39078999789, -1754.9767279938242, -2616.154840931358], [23551.896945715685, 8296.946544616188, -1879.3224429878464]]","[[0.01, -0.005, -0.005], [-0.005, 0.01, -0.005], [-0.005, -0.005, 0.01]]"
179,0.1,"[[1353.3462193940068, -52132.20528478316, -26580.07941131448], [52417.377503273805, 1405.7472693125746, -6619.3107560953285], [26901.946170486466, 6841.27325642771, 1383.4648935115983]]","[[0.01, -0.005, -0.005], [-0.005, 0.01, -0.005], [-0.005, -0.005, 0.01]]"
180,0.0,"[[20408.03873044, -21278.4134144, -23980.34236832], [-1202.59004604, 17228.46028696, -10761.64685068], [-337.99632024, -7294.12051584, 18226.94704296]]","[[0.01, -0.005, -0.005], [-0.005, 0.01, -0.005], [-0.005, -0.005, 0.01]]"
181,0.0125,"[[14564.105146347736, -20321.4707558654, -18941.316190764155], [5820.011435857213, 12167.483285046676, -7531.286082664685], [3099.9626430428275, -3593.6377884733693, 12900.578211170647]]","[[0.01, -0.005, -0.005], [-0.005, 0.01, -0.005], [-0.005, -0.005, 0.01]]"
182,0.025,"[[9049.895087989906, -19822.97253945771, -14413.146518725462], [12812.126676017951, 7400.138461676914, -4559.265196191489], [6534.781972807368, -77.30349023370673, 7880.9649568201785]]","[[0.01, -0.005, -0.005], [-0.005, 0.01, -0.005], [-0.005, -0.005, 0.01]]"
183,0.0375,"[[4195.1320811009355, -20241.36320730382, -10906.689857721089], [19743.269432705736, 3220.057995394276, -2103.924072802525], [9963.322035535331, 3070.733949752018, 3474.862857347489]]","[[0.01, -0.005, -0.005], [-0.005, 0.01, -0.005], [-0.005, -0.005, 0.01]]"
184,0.05,"[[329.53965141524895, -22035.08720153065, -8932.802713268185], [26582.953464184102, -79.1259352576817, -423.60259403991586], [13382.443197708435, 5666.326102356841, -10.972509808550967]]","[[0.01, -0.005, -0.005], [-0.005, 0.01, -0.005], [-0.005, -0.005, 0.01]]"
185,0.0625,"[[-2217.1586753327138, -25662.588964265087, -9002.341590883916], [33300.692528716565, -2203.7811517353875, 223.35935855422758], [16789.005825808385, 7525.324538453788, -2269.785567209041]]","[[0.01, -0.005, -0.005], [-0.005, 0.01, -0.005], [-0.005, -0.005, 0.01]]"
186,0.075,"[[-3115.239373408527, -31582.31293763406, -11626.16299608544], [39866.00038456665, -2860.275475495291, -421.3780965622136], [20179.8702863169, 8463.580828915892, -2994.8207374151025]]","[[0.01, -0.005, -0.005], [-0.005, 0.01, -0.005], [-0.005, -0.005, 0.01]]"
187,0.0875,"[[-2034.9789170777658, -40252.70356376444, -17315.123434389905], [46248.39078999789, -1754.9767279938242, -2616.154840931358], [23551.896945715685, 8296.946544616188, -1879.3224429878464]]","[[0.01, -0.005, -0.005], [-0.005, 0.01, -0.005], [-0.005, -0.005, 0.01]]"
188,0.1,"[[1353.3462193940068, -52132.20528478316, -26580.07941131448], [52417.377503273805, 1405.7472693125746, -6619.3107560953285], [26901.946170486466, 6841.27325642771, 1383.4648935115983]]","[[0.01, -0.005, -0.005], [-0.005, 0.01, -0.005], [-0.005, -0.005, 0.01]]"
189,0.0,"[[20408.03873044, -21278.4134144, -23980.34236832], [-1202.59004604, 17228.46028696, -10761.64685068], [-337.99632024, -7294.12051584, 18226.94704296]]","[[0.01, -0.005, -0.005], [-0.005, 0.01, -0.005], [-0.005, -0.005, 0.01]]"
190,0.0125,"[[14564.105146347736, -20321.4707558654, -18941.316190764155], [5820.011435857213, 12167.483285046676, -7531.286082664685], [3099.9626430428275, -3593.6377884733693, 12900.578211170647]]","[[0.01, -0.005, -0.005], [-0.005, 0.01, -0.005], [-0.005, -0.005, 0.01]]"
191,0.025,"[[9049.895087989906, -19822.97253945771, -14413.146518725462], [12812.126676017951, 7400.138461676914, -4559.265196191489], [6534.781972807368, -77.30349023370673, 7880.9649568201785]]","[[0.01, -0.005, -0.005], [-0.005, 0.01, -0.005], [-0.005, -0.005, 0.01]]"
192,0.0375,"[[4195.1320811009355, -20241.36320730382, -10906.689857721089], [19743.269432705736, 3220.057995394276, -2103.924072802525], [9963.322035535331, 3070.733949752018, 3474.862857347489]]","[[0.01, -0.005, -0.005], [-0.005, 0.01, -0.005], [-0.005, -0.005, 0.01]]"
193,0.05,"[[329.53965141524895, -22035.08720153065, -8932.802713268185], [26582.953464184102, -79.1259352576817, -423.60259403991586], [13382.443197708435, 5666.326102356841, -10.972509808550967]]","[[0.01, -0.005, -0.005], [-0.005, 0.01, -0.005], [-0.005, -0.005, 0.01]]"
194,0.0625,"[[-2217.1586753327138, -25662.588964265087, -9002.341590883916], [33300.692528716565, -2203.7811517353875, 223.35935855422758], [16789.005825808385, 7525.324538453788, -2269.785567209041]]","[[0.01, -0.005, -0.005], [-0.005, 0.01, -0.005], [-0.005, -0.005, 0.01]]"
195,0.075,"[[-3115.239373408527, -31582.31293763406, -11626.16299608544], [39866.00038456665, -2860.275475495291, -421.3780965622136], [20179.8702863169, 8463.580828915892, -2994.8207374151025]]","[[0.01, -0.005, -0.005], [-0.005, 0.01, -0.005], [-0.005, -0.005, 0.01]]"
196,0.0875,"[[-2034.9789170777658, -40252.70356376444, -17315.123434389905], [46248.39078999789, -1754.9767279938242, -2616.154840931358], [23551.896945715685, 8296.946544616188, -1879.3224429878464]]","[[0.01, -0.005, -0.005], [-0.005, 0.01, -0.005], [-0.005, -0.005, 0.01]]"
197,0.1,"[[1353.3462193940068, -52132.20528478316, -26580.07941131448], [52417.377503273805, 1405.7472693125746, -6619.3107560953285], [26901.946170486466, 6841.27325642771, 1383.4648935115983]]","[[0.01, -0.005, -0.005], [-0.005, 0.01, -0.005], [-0.005, -0.005, 0.01]]"
198,0.0,"[[20408.03873044, -21278.4134144, -23980.34236832], [-1202.59004604, 17228.46028696, -10761.64685068], [-337.99632024, -7294.12051584, 18226.94704296]]","[[0.01, -0.005, -0.005], [-0.005, 0.01, -0.005], [-0.005, -0.005, 0.01]]"
199,0.0125,"[[14564.105146347736, -20321.4707558654, -18941.316190764155], [5820.011435857213, 12167.483285046676, -7531.286082664685], [3099.9626430428275, -3593.6377884733693, 12900.578211170647]]","[[0.01, -0.005, -0.005], [-0.005, 0.01, -0.005], [-0.005, -0.005, 0.01]]"
200,0.025,"[[9049.895087989906, -19822.97253945771, -14413.146518725462], [12812.126676017951, 7400.138461676914, -4559.265196191489], [6534.781972807368, -77.30349023370673, 7880.9649568201785]]","[[0.01, -0.005, -0.005], [-0.005, 0.01, -0.005], [-0.005, -0.005, 0.01]]"
201,0.0375,"[[4195.1320811009355, -20241.36320730382, -10906.689857721089], [19743.269432705736, 3220.057995394276, -2103.924072802525], [9963.322035535331, 3070.733949752018, 3474.862857347489]]","[[0.01, -0.005, -0.005], [-0.005, 0.01, -0.005], [-0.005, -0.005, 0.01]]"
202,0.05,"[[329.53965141524895, -22035.08720153065, -8932.802713268185], [26582.953464184102, -79.1259352576817, -423.60259403991586], [13382.443197708435, 5666.326102356841, -10.972509808550967]]","[[0.01, -0.005, -0.005], [-0.005, 0.01, -0.005], [-0.005, -0.005, 0.01]]"
203,0.0625,"[[-2217.1586753327138, -25662.588964265087, -9002.341590883916], [33300.692528716565, -2203.7811517353875, 223.35935855422758], [16789.005825808385, 7525.324538453788, -2269.785567209041]]","[[0.01, -0.005, -0.005], [-0.005, 0.01, -0.005], [-0.005, -0.005, 0.01]]"
204,0.075,"[[-3115.239373408527, -31582.31293763406, -11626.16299608544], [39866.00038456665, -2860.275475495291, -421.3780965622136], [20179.8702863169, 8463.580828915892, -2994.8207374151025]]","[[0.01, -0.005, -0.005], [-0.005, 0.01, -0.005], [-0.005, -0.005, 0.01]]"
205,0.0875,"[[-2034.9789170777658, -40252.70356376444, -17315.123434389905], [46248.39078999789, -1754.9767279938242, -2616.154840931358], [23551.896945715685, 8296.946544616188, -1879.3224429878464]]","[[0.01, -0.005, -0.005], [-0.005, 0.01, -0.005], [-0.005, -0.005, 0.01]]"
206,0.1,"[[1353.3462193940068, -52132.20528478316, -26580.07941131448], [52417.377503273805, 1405.7472693125746, -6619.3107560953285], [26901.946170486466, 6841.27325642771, 1383.4648935115983]]","[[0.01, -0.005, -0.005], [-0.005, 0.01, -0.005], [-0.005, -0.005, 0.01]]"
207,0.0,"[[20408.03873044, -21278.4134144, -23980.34236832], [-1202.59004604, 17228.46028696, -10761.64685068], [-337.99632024, -7294.12051584, 18226.94704296]]","[[0.01, -0.005, -0.005], [-0.005, 0.01, -0.005], [-0.005, -0.005, 0.01]]"
208,0.0125,"[[14564.105146347736, -20321.4707558654, -18941.316190764155], [5820.011435857213, 12167.483285046676, -7531.286082664685], [3099.9626430428275, -3593.6377884733693, 12900.578211170647]]","[[0.01, -0.005, -0.005], [-0.005, 0.01, -0.005], [-0.005, -0.005, 0.01]]"
209,0.025,"[[9049.895087989906, -19822.97253945771, -14413.146518725462], [12812.126676017951, 7400.138461676914, -4559.265196191489], [6534.781972807368, -77.30349023370673, 7880.9649568201785]]","[[0.01, -0.005, -0.005], [-0.005, 0.01, -0.005], [-0.005, -0.005, 0.01]]"
210,0.0375,"[[4195.1320811009355, -20241.36320730382, -10906.689857721089], [19743.269432705736, 3220.057995394276, -2103.924072802525], [9963.322035535331, 3070.733949752018, 3474.862857347489]]","[[0.01, -0.005, -0.005], [-0.005, 0.01, -0.005], [-0.005, -0.005, 0.01]]"
211,0.05,"[[329.53965141524895, -22035.08720153065, -8932.802713268185], [26582.953464184102, -79.1259352576817, -423.60259403991586], [13382.443197708435, 5666.326102356841, -10.972509808550967]]","[[0.01, -0.005, -0.005], [-0.005, 0.01, -0.005], [-0.005, -0.005, 0.01]]"
212,0.0625,"[[-2217.1586753327138, -25662.588964265087, -9002.341590883916], [33300.692528716565, -2203.7811517353875, 223.35935855422758], [16789.005825808385, 7525.324538453788, -2269.785567209041]]","[[0.01, -0.005, -0.005], [-0.005, 0.01, -0.005], [-0.005, -0.005, 0.01]]"
213,0.075,"[[-3115.239373408527, -31582.31293763406, -11626.16299608544], [39866.00038456665, -2860.275475495291, -421.3780965622136], [20179.8702863169, 8463.580828915892, -2994.8207374151025]]","[[0.01, -0.005, -0.005], [-0.005, 0.01, -0.005], [-0.005, -0.005, 0.01]]"
214,0.0875,"[[-2034.9789170777658, -40252.70356376444, -17315.123434389905], [46248.39078999789, -1754.9767279938242, -2616.154840931358], [23551.896945715685, 8296.946544616188, -1879.3224429878464]]","[[0.01, -0.005, -0.005], [-0.005, 0.01, -0.005], [-0.005, -0.005, 0.01]]"
215,0.1,"[[1353.3462193940068, -52132.20528478316, -26580.07941131448], [52417.377503273805, 1405.7472693125746, -6619.3107560953285], [26901.946170486466, 6841.27325642771, 1383.4648935115983]]","[[0.01, -0.005, -0.005], [-0.005, 0.01, -0.005], [-0.005, -0.005, 0.01]]"
216,0.0,"[[20408.03873044, -21278.4134144, -23980.34236832], [-1202.59004604, 17228.46028696, -10761.64685068], [-337.99632024, -7294.12051584, 18226.94704296]]","[[0.01, -0.005, -0.005], [-0.005, 0.01, -0.005], [-0.005, -0.005, 0.01]]"
217,0.0125,"[[14564.105146347736, -20321.4707558654, -18941.316190764155], [5820.011435857213, 12167.483285046676, -7531.286082664685], [3099.9626430428275, -3593.6377884733693, 12900.578211170647]]","[[0.01, -0.005, -0.005], [-0.005, 0.01, -0.005], [-0.005, -0.005, 0.01]]"
218,0.025,"[[9049.895087989906, -19822.97253945771, -14413.146518725462], [12812.126676017951, 7400.138461676914, -4559.265196191489], [6534.781972807368, -77.30349023370673, 7880.9649568201785]]","[[0.01, -0.005, -0.005], [-0.005, 0.01, -0.005], [-0.005, -0.005, 0.01]]"
219,0.0375,"[[4195.1320811009355, -20241.36320730382, -10906.689857721089], [19743.269432705736, 3220.057995394276, -2103.924072802525], [9963.322035535331, 3070.733949752018, 3474.862857347489]]","[[0.01, -0.005, -0.005], [-0.005, 0.01, -0.005], [-0.005, -0.005, 0.01]]"
220,0.05,"[[329.53965141524895, -22035.08720153065, -8932.802713268185], [26582.953464184102, -79.1259352576817, -423.60259403991586], [13382.443197708435, 5666.326102356841, -10.972509808550967]]","[[0.01, -0.005, -0.005], [-0.005, 0.01, -0.005], [-0.005, -0.005, 0.01]]"
221,0.0625,"[[-2217.1586753327138, -25662.588964265087, -9002.341590883916], [33300.692528716565, -2203.7811517353875, 223.35935855422758], [16789.005825808385, 7525.324538453788, -2269.785567209041]]","[[0.01, -0.005, -0.005], [-0.005, 0.01, -0.005], [-0.005, -0.005, 0.01]]"
222,0.075,"[[-3115.239373408527, -31582.31293763406, -11626.16299608544], [39866.00038456665, -2860.275475495291, -421.3780965622136], [20179.8702863169, 8463.580828915892, -2994.8207374151025]]","[[0.01, -0.005, -0.005], [-0.005, 0.01, -0.005], [-0.005, -0.005, 0.01]]"
223,0.0875,"[[-2034.9789170777658, -40252.70356376444, -17315.123434389905], [46248.39078999789, -1754.9767279938242, -2616.154840931358], [23551.896945715685, 8296.946544616188, -1879.3224429878464]]","[[0.01, -0.005, -0.005], [-0.005, 0.01, -0.005], [-0.005, -0.005, 0.01]]"
224,0.1,"[[1353.3462193940068, -52132.20528478316, -26580.07941131448], [52417.377503273805, 1405.7472693125746, -6619.3107560953285], [26901.946170486466, 6841.27325642771, 1383.4648935115983]]","[[0.01, -0.005, -0.005], [-0.005, 0.01, -0.005], [-0.005, -0.005, 0.01]]"
225,0.0,"[[20408.03873044, -21278.4134144, -23980.34236832], [-1202.59004604, 17228.46028696, -10761.64685068], [-337.99632024, -7294.12051584, 18226.94704296]]","[[0.01, -0.005, -0.005], [-0.005, 0.01, -0.005], [-0.005, -0.005, 0.01]]"
226,0.0125,"[[14564.105146347736, -20321.4707558654, -18941.316190764155], [5820.011435857213, 12167.483285046676, -7531.286082664685], [3099.9626430428275, -3593.6377884733693, 12900.578211170647]]","[[0.01, -0.005, -0.005], [-0.005, 0.01, -0.005], [-0.005, -0.005, 0.01]]"
227,0.025,"[[9049.895087989906, -19822.97253945771, -14413.146518725462], [12812.126676017951, 7400.138461676914, -4559.265196191489], [6534.781972807368, -77.30349023370673, 7880.9649568201785]]","[[0.01, -0.005, -0.005], [-0.005, 0.01, -0.005], [-0.005, -0.005, 0.01]]"
228,0.0375,"[[4195.1320811009355, -20241.36320730382, -10906.689857721089], [19743.269432705736, 3220.057995394276, -2103.924072802525], [9963.322035535331, 3070.733949752018, 3474.862857347489]]","[[0.01, -0.005, -0.005], [-0.005, 0.01, -0.005], [-0.005, -0.005, 0.01]]"
229,0.05,"[[329.53965141524895, -22035.08720153065, -8932.802713268185], [26582.953464184102, -79.1259352576817, -423.60259403991586], [13382.443197708435, 5666.326102356841, -10.972509808550967]]","[[0.01, -0.005, -0.005], [-0.005, 0.01, -0.005], [-0.005, -0.005, 0.01]]"
230,0.0625,"[[-2217.1586753327138, -25662.588964265087, -9002.341590883916], [33300.692528716565, -2203.7811517353875, 223.35935855422758], [16789.005825808385, 7525.324538453788, -2269.785567209041]]","[[0.01, -0.005, -0.005], [-0.005, 0.01, -0.005], [-0.005, -0.005, 0.01]]"
231,0.075,"[[-3115.239373408527, -31582.31293763406, -11626.16299608544], [39866.00038456665, -2860.275475495291, -421.3780965622136], [20179.8702863169, 8463.580828915892, -2994.8207374151025]]","[[0.01, -0.005, -0.005], [-0.005, 0.01, -0.005], [-0.005, -0.005, 0.01]]"
232,0.0875,"[[-2034.9789170777658, -40252.70356376444, -17315.123434389905], [46248.39078999789, -1754.9767279938242, -2616.154840931358], [23551.896945715685, 8296.946544616188, -1879.3224429878464]]","[[0.01, -0.005, -0.005], [-0.005, 0.01, -0.005], [-0.005, -0.005, 0.01]]"
233,0.1,"[[1353.3462193940068, -52132.20528478316, -26580.07941131448], [52417.377503273805, 1405.7472693125746, -6619.3107560953285], [26901.946170486466, 6841.27325642771, 1383.4648935115983]]","[[0.01, -0.005, -0.005], [-0.005, 0.01, -0.005], [-0.005, -0.005, 0.01]]"
234,0.0,"[[20408.03873044, -21278.4134144, -23980.34236832], [-1202.59004604, 17228.46028696, -10761.64685068], [-337.99632024, -7294.12051584, 18226.94704296]]","[[0.01, -0.005, -0.005], [-0.005, 0.01, -0.005], [-0.005, -0.005, 0.01]]"
235,0.0125,"[[14564.105146347736, -20321.4707558654, -18941.316190764155], [5820.011435857213, 12167.483285046676, -7531.286082664685], [3099.9626430428275, -3593.6377884733693, 12900.578211170647]]","[[0.01, -0.005, -0.005], [-0.005, 0.01, -0.005], [-0.005, -0.005, 0.01]]"
236,0.025,"[[9049.895087989906, -19822.97253945771, -14413.146518725462], [12812.126676017951, 7400.138461676914, -4559.265196191489], [6534.781972807368, -77.30349023370673, 7880.9649568201785]]","[[0.01, -0.005, -0.005], [-0.005, 0.01, -0.005], [-0.005, -0.005, 0.01]]"
237,0.0375,"[[4195.1320811009355, -20241.36320730382, -10906.689857721089], [19743.269432705736, 3220.057995394276, -2103.924072802525], [9963.322035535331, 3070.733949752018, 3474.862857347489]]","[[0.01, -0.005, -0.005], [-0.005, 0.01, -0.005], [-0.005, -0.005, 0.01]]"
238,0.05,"[[329.53965141524895, -22035.08720153065, -8932.802713268185], [26582.953464184102, -79.1259352576817, -423.60259403991586], [13382.443197708435, 5666.326102356841, -10.972509808550967]]","[[0.01, -0.005, -0.005], [-0.005, 0.01, -0.005], [-0.005, -0.005, 0.01]]"
239,0.0625,"[[-2217.1586753327138, -25662.588964265087, -9002.341590883916], [33300.692528716565, -2203.7811517353875, 223.35935855422758], [16789.005825808385, 7525.324538453788, -2269.785567209041]]","[[0.01, -0.005, -0.005], [-0.005, 0.01, -0.005], [-0.005, -0.005, 0.01]]"
240,0.075,"[[-3115.239373408527, -31582.31293763406, -11626.16299608544], [39866.00038456665, -2860.275475495291, -421.3780965622136], [20179.8702863169, 8463.580828915892, -2994.8207374151025]]","[[0.01, -0.005, -0.005], [-0.005, 0.01, -0.005], [-0.005, -0.005, 0.01]]"
241,0.0875,"[[-2034.9789170777658, -40252.70356376444, -17315.123434389905], [46248.39078999789, -1754.9767279938242, -2616.154840931358], [23551.896945715685, 8296.946544616188, -1879.3224429878464]]","[[0.01, -0.005, -0.005], [-0.005, 0.01, -0.005], [-0.005, -0.005, 0.01]]"
242,0.1,"[[1353.3462193940068, -52132.20528478316, -26580.07941131448], [52417.377503273805, 1405.7472693125746, -6619.3107560953285], [26901.946170486466, 6841.27325642771, 1383.4648935115983]]","[[0.01, -0.005, -0.005], [-0.005, 0.01, -0.005], [-0.005, -0.005, 0.01]]"
243,0.0,"[[20408.03873044, -21278.4134144, -23980.34236832], [-1202.59004604, 17228.46028696, -10761.64685068], [-337.99632024, -7294.12051584, 18226.94704296]]","[[0.01, -0.005, -0.005], [-0.005, 0.01, -0.005], [-0.005, -0.005, 0.01]]"
244,0.0125,"[[14564.105146347736, -20321.4707558654, -18941.316190764155], [5820.011435857213, 12167.483285046676, -7531.286082664685], [3099.9626430428275, -3593.6377884733693, 12900.578211170647]]","[[0.01, -0.005, -0.005], [-0.005, 0.01, -0.005], [-0.005, -0.005, 0.01]]"
245,0.025,"[[9049.895087989906, -19822.97253945771, -14413.146518725462], [12812.126676017951, 7400.138461676914, -4559.265196191489], [6534.781972807368, -77.30349023370673, 7880.9649568201785]]","[[0.01, -0.005, -0.005], [-0.005, 0.01, -0.005], [-0.005, -0.005, 0.01]]"
246,0.0375,"[[4195.1320811009355, -20241.36320730382, -10906.689857721089], [19743.269432705736, 3220.057995394276, -2103.924072802525], [9963.322035535331, 3070.733949752018, 3474.862857347489]]","[[0.01, -0.005, -0.005], [-0.005, 0.01, -0.005], [-0.005, -0.005, 0.01]]"
247,0.05,"[[329.53965141524895, -22035.08720153065, -8932.802713268185], [26582.953464184102, -79.1259352576817, -423.60259403991586], [13382.443197708435, 5666.326102356841, -10.972509808550967]]","[[0.01, -0.005, -0.005], [-0.005, 0.01, -0.005], [-0.005, -0.005, 0.01]]"
248,0.0625,"[[-2217.1586753327138, -25662.588964265087, -9002.341590883916], [33300.692528716565, -2203.7811517353875, 223.35935855422758], [16789.005825808385, 7525.324538453788, -2269.785567209041]]","[[0.01, -0.005, -0.005], [-0.005, 0.01, -0.005], [-0.005, -0.005, 0.01]]"
249,0.075,"[[-3115.239373408527, -31582.31293763406, -11626.16299608544], [39866.00038456665, -2860.275475495291, -421.3780965622136], [20179.8702863169, 8463.580828915892, -2994.8207374151025]]","[[0.01, -0.005, -0.005], [-0.005, 0.01, -0.005], [-0.005, -0.005, 0.01]]"
250,0.0875,"[[-2034.9789170777658, -40252.70356376444, -17315.123434389905], [46248.39078999789, -1754.9767279938242, -2616.154840931358], [23551.896945715685, 8296.946544616188, -1879.3224429878464]]","[[0.01, -0.005, -0.005], [-0.005, 0.01, -0.005], [-0.005, -0.005, 0.01]]"
251,0.1,"[[1353.3462193940068, -52132.20528478316, -26580.07941131448], [52417.377503273805, 1405.7472693125746, -6619.3107560953285], [26901.946170486466, 6841.27325642771, 1383.4648935115983]]","[[0.01, -0.005, -0.005], [-0.005, 0.01, -0.005], [-0.005, -0.005, 0.01]]"
252,0.0,"[[20408.03873044, -21278.4134144, -23980.34236832], [-1202.59004604, 17228.46028696, -10761.64685068], [-337.99632024, -7294.12051584, 18226.94704296]]","[[0.01, -0.005, -0.005], [-0.005, 0.01, -0.005], [-0.005, -0.005, 0.01]]"
253,0.0125,"[[14564.105146347736, -20321.4707558654, -18941.316190764155], [5820.011435857213, 12167.483285046676, -7531.286082664685], [3099.9626430428275, -3593.6377884733693, 12900.578211170647]]","[[0.01, -0.005, -0.005], [-0.005, 0.01, -0.005], [-0.005, -0.005, 0.01]]"
254,0.025,"[[9049.895087989906, -19822.97253945771, -14413.146518725462], [12812.126676017951, 7400.138461676914, -4559.265196191489], [6534.781972807368, -77.30349023370673, 7880.9649568201785]]","[[0.01, -0.005, -0.005], [-0.005, 0.01, -0.005], [-0.005, -0.005, 0.01]]"
255,0.0375,"[[4195.1320811009355, -20241.36320730382, -10906.689857721089], [19743.269432705736, 3220.057995394276, -2103.924072802525], [9963.322035535331, 3070.733949752018, 3474.862857347489]]","[[0.01, -0.005, -0.005], [-0.005, 0.01, -0.005], [-0.005, -0.005, 0.01]]"
256,0.05,"[[329.53965141524895, -22035.08720153065, -8932.802713268185], [26582.953464184102, -79.1259352576817, -423.60259403991586], [13382.443197708435, 5666.326102356841, -10.972509808550967]]","[[0.01, -0.005, -0.005], [-0.005, 0.01, -0.005], [-0.005, -0.005, 0.01]]"
257,0.0625,"[[-2217.1586753327138, -25662.588964265087, -9002.341590883916], [33300.692528716565, -2203.7811517353875, 223.35935855422758], [16789.005825808385, 7525.324538453788, -2269.785567209041]]","[[0.01, -0.005, -0.005], [-0.005, 0.01, -0.005], [-0.005, -0.005, 0.01]]"
258,0.075,"[[-3115.239373408527, -31582.31293763406, -11626.16299608544], [39866.00038456665, -2860.275475495291, -421.3780965622136], [20179.8702863169, 8463.580828915892, -2994.8207374151025]]","[[0.01, -0.005, -0.005], [-0.005, 0.01, -0.005], [-0.005, -0.005, 0.01]]"
259,0.0875,"[[-2034.9789170777658, -40252.70356376444, -17315.123434389905], [46248.39078999789, -1754.9767279938242, -2616.154840931358], [23551.896945715685, 8296.946544616188, -1879.3224429878464]]","[[0.01, -0.005, -0.005], [-0.005, 0.01, -0.005], [-0.005, -0.005, 0.01]]"
260,0.1,"[[1353.3462193940068, -52132.20528478316, -26580.07941131448], [52417.377503273805, 1405.7472693125746, -6619.3107560953285], [26901.946170486466, 6841.27325642771, 1383.4648935115983]]","[[0.01, -0.005, -0.005], [-0.005, 0.01, -0.005], [-0.005, -0.005, 0.01]]"
261,0.0,"[[20408.03873044, -21278.4134144, -23980.34236832], [-1202.59004604, 17228.46028696, -10761.64685068], [-337.99632024, -7294.12051584, 18226.94704296]]","[[0.01, -0.005, -0.005], [-0.005, 0.01, -0.005], [-0.005, -0.005, 0.01]]"
262,0.0125,"[[14564.105146347736, -20321.4707558654, -18941.316190764155], [5820.011435857213, 12167.483285046676, -7531.286082664685], [3099.9626430428275, -3593.6377884733693, 12900.578211170647]]","[[0.01, -0.005, -0.005], [-0.005, 0.01, -0.005], [-0.005, -0.005, 0.01]]"
263,0.025,"[[9049.895087989906, -19822.97253945771, -14413.146518725462], [12812.126676017951, 7400.138461676914, -4559.265196191489], [6534.781972807368, -77.30349023370673, 7880.9649568201785]]","[[0.01, -0.005, -0.005], [-0.005, 0.01, -0.005], [-0.005, -0.005, 0.01]]"
264,0.0375,"[[4195.1320811009355, -20241.36320730382, -10906.689857721089], [19743.269432705736, 3220.057995394276, -2103.924072802525], [9963.322035535331, 3070.733949752018, 3474.862857347489]]","[[0.01, -0.005, -0.005], [-0.005, 0.01, -0.005], [-0.005, -0.005, 0.01]]"
265,0.05,"[[329.53965141524895, -22035.08720153065, -8932.802713268185], [26582.953464184102, -79.1259352576817, -423.60259403991586], [13382.443197708435, 5666.326102356841, -10.972509808550967]]","[[0.01, -0.005, -0.005], [-0.005, 0.01, -0.005], [-0.005, -0.005, 0.01]]"
266,0.0625,"[[-2217.1586753327138, -25662.588964265087, -9002.341590883916], [33300.692528716565, -2203.7811517353875, 223.35935855422758], [16789.005825808385, 7525.324538453788, -2269.785567209041]]","[[0.01, -0.005, -0.005], [-0.005, 0.01, -0.005], [-0.005, -0.005, 0.01]]"
267,0.075,"[[-3115.239373408527, -31582.31293763406, -11626.16299608544], [39866.00038456665, -2860.275475495291, -421.3780965622136], [20179.8702863169, 8463.580828915892, -2994.8207374151025]]","[[0.01, -0.005, -0.005], [-0.005, 0.01, -0.005], [-0.005, -0.005, 0.01]]"
268,0.0875,"[[-2034.9789170777658, -40252.70356376444, -17315.123434389905], [46248.39078999789, -1754.9767279938242, -2616.154840931358], [23551.896945715685, 8296.946544616188, -1879.3224429878464]]","[[0.01, -0.005, -0.005], [-0.005, 0.01, -0.005], [-0.005, -0.005, 0.01]]"
269,0.1,"[[1353.3462193940068, -52132.20528478316, -26580.07941131448], [52417.377503273805, 1405.7472693125746, -6619.3107560953285], [26901.946170486466, 6841.27325642771, 1383.4648935115983]]","[[0.01, -0.005, -0.005], [-0.005, 0.01, -0.005], [-0.005, -0.005, 0.01]]"
270,0.0,"[[20408.03873044, -21278.4134144, -23980.34236832], [-1202.59004604, 17228.46028696, -10761.64685068], [-337.99632024, -7294.12051584, 18226.94704296]]","[[0.01, -0.005, -0.005], [-0.005, 0.01, -0.005], [-0.005, -0.005, 0.01]]"
271,0.0125,"[[14564.105146347736, -20321.4707558654, -18941.316190764155], [5820.011435857213, 12167.483285046676, -7531.286082664685], [3099.9626430428275, -3593.6377884733693, 12900.578211170647]]","[[0.01, -0.005, -0.005], [-0.005, 0.01, -0.005], [-0.005, -0.005, 0.01]]"
272,0.025,"[[9049.895087989906, -19822.97253945771, -14413.146518725462], [12812.126676017951, 7400.138461676914, -4559.265196191489], [6534.781972807368, -77.30349023370673, 7880.9649568201785]]","[[0.01, -0.005, -0.005], [-0.005, 0.01, -0.005], [-0.005, -0.005, 0.01]]"
273,0.0375,"[[4195.1320811009355, -20241.36320730382, -10906.689857721089], [19743.269432705736, 3220.057995394276, -2103.924072802525], [9963.322035535331, 3070.733949752018, 3474.862857347489]]","[[0.01, -0.005, -0.005], [-0.005, 0.01, -0.005], [-0.005, -0.005, 0.01]]"
274,0.05,"[[329.53965141524895, -22035.08720153065, -8932.802713268185], [26582.953464184102, -79.1259352576817, -423.60259403991586], [13382.443197708435, 5666.326102356841, -10.972509808550967]]","[[0.01, -0.005, -0.005], [-0.005, 0.01, -0.005], [-0.005, -0.005, 0.01]]"
275,0.0625,"[[-2217.1586753327138, -25662.588964265087, -9002.341590883916], [33300.692528716565, -2203.7811517353875, 223.35935855422758], [16789.005825808385, 7525.324538453788, -2269.785567209041]]","[[0.01, -0.005, -0.005], [-0.005, 0.01, -0.005], [-0.005, -0.005, 0.01]]"
276,0.075,"[[-3115.239373408527, -31582.31293763406, -11626.16299608544], [39866.00038456665, -2860.275475495291, -421.3780965622136], [20179.8702863169, 8463.580828915892, -2994.8207374151025]]","[[0.01, -0.005, -0.005], [-0.005, 0.01, -0.005], [-0.005, -0.005, 0.01]]"
277,0.0875,"[[-2034.9789170777658, -40252.70356376444, -17315.123434389905], [46248.39078999789, -1754.9767279938242, -2616.154840931358], [23551.896945715685, 8296.946544616188, -1879.3224429878464]]","[[0.01, -0.005, -0.005], [-0.005, 0.01, -0.005], [-0.005, -0.005, 0.01]]"
278,0.1,"[[1353.3462193940068, -52132.20528478316, -26580.07941131448], [52417.377503273805, 1405.7472693125746, -6619.3107560953285], [26901.946170486466, 6841.27325642771, 1383.4648935115983]]","[[0.01, -0.005, -0.005], [-0.005, 0.01, -0.005], [-0.005, -0.005, 0.01]]"
279,0.0,"[[20408.03873044, -21278.4134144, -23980.34236832], [-1202.59004604, 17228.46028696, -10761.64685068], [-337.99632024, -7294.12051584, 18226.94704296]]","[[0.01, -0.005, -0.005], [-0.005, 0.01, -0.005], [-0.005, -0.005, 0.01]]"
280,0.0125,"[[14564.105146347736, -20321.4707558654, -18941.316190764155], [5820.011435857213, 12167.483285046676, -7531.286082664685], [3099.9626430428275, -3593.6377884733693, 12900.578211170647]]","[[0.01, -0.005, -0.005], [-0.005, 0.01, -0.005], [-0.005, -0.005, 0.01]]"
281,0.025,"[[9049.895087989906, -19822.97253945771, -14413.146518725462], [12812.126676017951, 7400.138461676914, -4559.265196191489], [6534.781972807368, -77.30349023370673, 7880.9649568201785]]","[[0.01, -0.005, -0.005], [-0.005, 0.01, -0.005], [-0.005, -0.005, 0.01]]"
282,0.0375,"[[4195.1320811009355, -20241.36320730382, -10906.689857721089], [19743.269432705736, 3220.057995394276, -2103.924072802525], [9963.322035535331, 3070.733949752018, 3474.862857347489]]","[[0.01, -0.005, -0.005], [-0.005, 0.01, -0.005], [-0.005, -0.005, 0.01]]"
283,0.05,"[[329.53965141524895, -22035.08720153065, -8932.802713268185], [26582.953464184102, -79.1259352576817, -423.60259403991586], [13382.443197708435, 5666.326102356841, -10.972509808550967]]","[[0.01, -0.005, -0.005], [-0.005, 0.01, -0.005], [-0.005, -0.005, 0.01]]"
284,0.0625,"[[-2217.1586753327138, -25662.588964265087, -9002.341590883916], [33300.692528716565, -2203.7811517353875, 223.35935855422758], [16789.005825808385, 7525.324538453788, -2269.785567209041]]","[[0.01, -0.005, -0.005], [-0.005, 0.01, -0.005], [-0.005, -0.005, 0.01]]"
285,0.075,"[[-3115.239373408527, -31582.31293763406, -11626.16299608544], [39866.00038456665, -2860.275475495291, -421.3780965622136], [20179.8702863169, 8463.580828915892, -2994.8207374151025]]","[[0.01, -0.005, -0.005], [-0.005, 0.01, -0.005], [-0.005, -0.005, 0.01]]"
286,0.0875,"[[-2034.9789170777658, -40252.70356376444, -17315.123434389905], [46248.39078999789, -1754.9767279938242, -2616.154840931358], [23551.896945715685, 8296.946544616188, -1879.3224429878464]]","[[0.01, -0.005, -0.005], [-0.005, 0.01, -0.005], [-0.005, -0.005, 0.01]]"
287,0.1,"[[1353.3462193940068, -52132.20528478316, -26580.07941131448], [52417.377503273805, 1405.7472693125746, -6619.3107560953285], [26901.946170486466, 6841.27325642771, 1383.4648935115983]]","[[0.01, -0.005, -0.005], [-0.005, 0.01, -0.005], [-0.005, -0.005, 0.01]]"
288,0.0,"[[20408.03873044, -21278.4134144, -23980.34236832], [-1202.59004604, 17228.46028696, -10761.64685068], [-337.99632024, -7294.12051584, 18226.94704296]]","[[0.01, -0.005, -0.005], [-0.005, 0.01, -0.005], [-0.005, -0.005, 0.01]]"
289,0.0125,"[[14564.105146347736, -20321.4707558654, -18941.316190764155], [5820.011435857213, 12167.483285046676, -7531.286082664685], [3099.9626430428275, -3593.6377884733693, 12900.578211170647]]","[[0.01, -0.005, -0.005], [-0.005, 0.01, -0.005], [-0.005, -0.005, 0.01]]"
290,0.025,"[[9049.895087989906, -19822.97253945771, -14413.146518725462], [12812.126676017951, 7400.138461676914, -4559.265196191489], [6534.781972807368, -77.30349023370673, 7880.9649568201785]]","[[0.01, -0.005, -0.005], [-0.005, 0.01, -0.005], [-0.005, -0.005, 0.01]]"
291,0.0375,"[[4195.1320811009355, -20241.36320730382, -10906.689857721089], [19743.269432705736, 3220.057995394276, -2103.924072802525], [9963.322035535331, 3070.733949752018, 3474.862857347489]]","[[0.01, -0.005, -0.005], [-0.005, 0.01, -0.005], [-0.005, -0.005, 0.01]]"
292,0.05,"[[329.53965141524895, -22035.08720153065, -8932.802713268185], [26582.953464184102, -79.1259352576817, -423.60259403991586], [13382.443197708435, 5666.326102356841, -10.972509808550967]]","[[0.01, -0.005, -0.005], [-0.005, 0.01, -0.005], [-0.005, -0.005, 0.01]]"
293,0.0625,"[[-2217.1586753327138, -25662.588964265087, -9002.341590883916], [33300.692528716565, -2203.7811517353875, 223.35935855422758], [16789.005825808385, 7525.324538453788, -2269.785567209041]]","[[0.01, -0.005, -0.005], [-0.005, 0.01, -0.005], [-0.005, -0.005, 0.01]]"
294,0.075,"[[-3115.239373408527, -31582.31293763406, -11626.16299608544], [39866.00038456665, -2860.275475495291, -421.3780965622136], [20179.8702863169, 8463.580828915892, -2994.8207374151025]]","[[0.01, -0.005, -0.005], [-0.005, 0.01, -0.005], [-0.005, -0.005, 0.01]]"
295,0.0875,"[[-2034.9789170777658, -40252.70356376444, -17315.123434389905], [46248.39078999789, -1754.9767279938242, -2616.154840931358], [23551.896945715685, 8296.946544616188, -1879.3224429878464]]","[[0.01, -0.005, -0.005], [-0.005, 0.01, -0.005], [-0.005, -0.005, 0.01]]"
296,0.1,"[[1353.3462193940068, -52132.20528478316, -26580.07941131448], [52417.377503273805, 1405.7472693125746, -6619.3107560953285], [26901.946170486466, 6841.27325642771, 1383.4648935115983]]","[[0.01, -0.005, -0.005], [-0.005, 0.01, -0.005], [-0.005, -0.005, 0.01]]"
297,0.0,"[[20408.03873044, -21278.4134144, -23980.34236832], [-1202.59004604, 17228.46028696, -10761.64685068], [-337.99632024, -7294.12051584, 18226.94704296]]","[[0.01, -0.005, -0.005], [-0.005, 0.01, -0.005], [-0.005, -0.005, 0.01]]"
298,0.0125,"[[14564.105146347736, -20321.4707558654, -18941.316190764155], [5820.011435857213, 12167.483285046676, -7531.286082664685], [3099.9626430428275, -3593.6377884733693, 12900.578211170647]]","[[0.01, -0.005, -0.005], [-0.005, 0.01, -0.005], [-0.005, -0.005, 0.01]]"
299,0.025,"[[9049.895087989906, -19822.97253945771, -14413.146518725462], [12812.126676017951, 7400.138461676914, -4559.265196191489], [6534.781972807368, -77.30349023370673, 7880.9649568201785]]","[[0.01, -0.005, -0.005], [-0.005, 0.01, -0.005], [-0.005, -0.005, 0.01]]"
300,0.0375,"[[4195.1320811009355, -20241.36320730382, -10906.689857721089], [19743.269432705736, 3220.057995394276, -2103.924072802525], [9963.322035535331, 3070.733949752018, 3474.862857347489]]","[[0.01, -0.005, -0.005], [-0.005, 0.01, -0.005], [-0.005, -0.005, 0.01]]"
301,0.05,"[[329.53965141524895, -22035.08720153065, -8932.802713268185], [26582.953464184102, -79.1259352576817, -423.60259403991586], [13382.443197708435, 5666.326102356841, -10.972509808550967]]","[[0.01, -0.005, -0.005], [-0.005, 0.01, -0.005], [-0.005, -0.005, 0.01]]"
302,0.0625,"[[-2217.1586753327138, -25662.588964265087, -9002.341590883916], [33300.692528716565, -2203.7811517353875, 223.35935855422758], [16789.005825808385, 7525.324538453788, -2269.785567209041]]","[[0.01, -0.005, -0.005], [-0.005, 0.01, -0.005], [-0.005, -0.005, 0.01]]"
303,0.075,"[[-3115.239373408527, -31582.31293763406, -11626.16299608544], [39866.00038456665, -2860.275475495291, -421.3780965622136], [20179.8702863169, 8463.580828915892, -2994.8207374151025]]","[[0.01, -0.005, -0.005], [-0.005, 0.01, -0.005], [-0.005, -0.005, 0.01]]"
304,0.0875,"[[-2034.9789170777658, -40252.70356376444, -17315.123434389905], [46248.39078999789, -1754.9767279938242, -2616.154840931358], [23551.896945715685, 8296.946544616188, -1879.3224429878464]]","[[0.01, -0.005, -0.005], [-0.005, 0.01, -0.005], [-0.005, -0.005, 0.01]]"
305,0.1,"[[1353.3462193940068, -52132.20528478316, -26580.07941131448], [52417.377503273805, 1405.7472693125746, -6619.3107560953285], [26901.946170486466, 6841.27325642771, 1383.4648935115983]]","[[0.01, -0.005, -0.005], [-0.005, 0.01, -0.005], [-0.005, -0.005, 0.01]]"
306,0.0,"[[20408.03873044, -21278.4134144, -23980.34236832], [-1202.59004604, 17228.46028696, -10761.64685068], [-337.99632024, -7294.12051584, 18226.94704296]]","[[0.01, -0.005, -0.005], [-0.005, 0.01, -0.005], [-0.005, -0.005, 0.01]]"
307,0.0125,"[[14564.105146347736, -20321.4707558654, -18941.316190764155], [5820.011435857213, 12167.483285046676, -7531.286082664685], [3099.9626430428275, -3593.6377884733693, 12900.578211170647]]","[[0.01, -0.005, -0.005], [-0.005, 0.01, -0.005], [-0.005, -0.005, 0.01]]"
308,0.025,"[[9049.895087989906, -19822.97253945771, -14413.146518725462], [12812.126676017951, 7400.138461676914, -4559.265196191489], [6534.781972807368, -77.30349023370673, 7880.9649568201785]]","[[0.01, -0.005, -0.005], [-0.005, 0.01, -0.005], [-0.005, -0.005, 0.01]]"
309,0.0375,"[[4195.1320811009355, -20241.36320730382, -10906.689857721089], [19743.269432705736, 3220.057995394276, -2103.924072802525], [9963.322035535331, 3070.733949752018, 3474.862857347489]]","[[0.01, -0.005, -0.005], [-0.005, 0.01, -0.005], [-0.005, -0.005, 0.01]]"
310,0.05,"[[329.53965141524895, -22035.08720153065, -8932.802713268185], [26582.953464184102, -79.1259352576817, -423.60259403991586], [13382.443197708435, 5666.326102356841, -10.972509808550967]]","[[0.01, -0.005, -0.005], [-0.005, 0.01, -0.005], [-0.005, -0.005, 0.01]]"
311,0.0625,"[[-2217.1586753327138, -25662.588964265087, -9002.341590883916], [33300.692528716565, -2203.7811517353875, 223.35935855422758], [16789.005825808385, 7525.324538453788, -2269.785567209041]]","[[0.01, -0.005, -0.005], [-0.005, 0.01, -0.005], [-0.005, -0.005, 0.01]]"
312,0.075,"[[-3115.239373408527, -31582.31293763406, -11626.16299608544], [39866.00038456665, -2860.275475495291, -421.3780965622136], [20179.8702863169, 8463.580828915892, -2994.8207374151025]]","[[0.01, -0.005, -0.005], [-0.005, 0.01, -0.005], [-0.005, -0.005, 0.01]]"
313,0.0875,"[[-2034.9789170777658, -40252.70356376444, -17315.123434389905], [46248.39078999789, -1754.9767279938242, -2616.154840931358], [23551.896945715685, 8296.946544616188, -1879.3224429878464]]","[[0.01, -0.005, -0.005], [-0.005, 0.01, -0.005], [-0.005, -0.005, 0.01]]"
314,0.1,"[[1353.3462193940068, -52132.20528478316, -26580.07941131448], [52417.377503273805, 1405.7472693125746, -6619.3107560953285], [26901.946170486466, 6841.27325642771, 1383.4648935115983]]","[[0.01, -0.005, -0.005], [-0.005, 0.01, -0.005], [-0.005, -0.005, 0.01]]"
315,0.0,"[[20408.03873044, -21278.4134144, -23980.34236832], [-1202.59004604, 17228.46028696, -10761.64685068], [-337.99632024, -7294.12051584, 18226.94704296]]","[[0.01, -0.005, -0.005], [-0.005, 0.01, -0.005], [-0.005, -0.005, 0.01]]"
316,0.0125,"[[14564.105146347736, -20321.4707558654, -18941.316190764155], [5820.011435857213, 12167.483285046676, -7531.286082664685], [3099.9626430428275, -3593.6377884733693, 12900.578211170647]]","[[0.01, -0.005, -0.005], [-0.005, 0.01, -0.005], [-0.005, -0.005, 0.01]]"
317,0.025,"[[9049.895087989906, -19822.97253945771, -14413.146518725462], [12812.126676017951, 7400.138461676914, -4559.265196191489], [6534.781972807368, -77.30349023370673, 7880.9649568201785]]","[[0.01, -0.005, -0.005], [-0.005, 0.01, -0.005], [-0.005, -0.005, 0.01]]"
318,0.0375,"[[4195.1320811009355, -20241.36320730382, -10906.689857721089], [19743.269432705736, 3220.057995394276, -2103.924072802525], [9963.322035535331, 3070.733949752018, 3474.862857347489]]","[[0.01, -0.005, -0.005], [-0.005, 0.01, -0.005], [-0.005, -0.005, 0.01]]"
319,0.05,"[[329.53965141524895, -22035.08720153065, -8932.802713268185], [26582.953464184102, -79.1259352576817, -423.60259403991586], [13382.443197708435, 5666.326102356841, -10.972509808550967]]","[[0.01, -0.005, -0.005], [-0.005, 0.01, -0.005], [-0.005, -0.005, 0.01]]"
320,0.0625,"[[-2217.1586753327138, -25662.588964265087, -9002.341590883916], [33300.692528716565, -2203.7811517353875, 223.35935855422758], [16789.005825808385, 7525.324538453788, -2269.785567209041]]","[[0.01, -0.005, -0.005], [-0.005, 0.01, -0.005], [-0.005, -0.005, 0.01]]"
321,0.075,"[[-3115.239373408527, -31582.31293763406, -11626.16299608544], [39866.00038456665, -2860.275475495291, -421.3780965622136], [20179.8702863169, 8463.580828915892, -2994.8207374151025]]","[[0.01, -0.005, -0.005], [-0.005, 0.01, -0.005], [-0.005, -0.005, 0.01]]"
322,0.0875,"[[-2034.9789170777658, -40252.70356376444, -17315.123434389905], [46248.39078999789, -1754.9767279938242, -2616.154840931358], [23551.896945715685, 8296.946544616188, -1879.3224429878464]]","[[0.01, -0.005, -0.005], [-0.005, 0.01, -0.005], [-0.005, -0.005, 0.01]]"
323,0.1,"[[1353.3462193940068, -52132.20528478316, -26580.07941131448], [52417.377503273805, 1405.7472693125746, -6619.3107560953285], [26901.946170486466, 6841.27325642771, 1383.4648935115983]]","[[0.01, -0.005, -0.005], [-0.005, 0.01, -0.005], [-0.005, -0.005, 0.01]]"
324,0.0,"[[20408.03873044, -21278.4134144, -23980.34236832], [-1202.59004604, 17228.46028696, -10761.64685068], [-337.99632024, -7294.12051584, 18226.94704296]]","[[0.01, -0.005, -0.005], [-0.005, 0.01, -0.005], [-0.005, -0.005, 0.01]]"
325,0.0125,"[[14564.105146347736, -20321.4707558654, -18941.316190764155], [5820.011435857213, 12167.483285046676, -7531.286082664685], [3099.9626430428275, -3593.6377884733693, 12900.578211170647]]","[[0.01, -0.005, -0.005], [-0.005, 0.01, -0.005], [-0.005, -0.005, 0.01]]"
326,0.025,"[[9049.895087989906, -19822.97253945771, -14413.146518725462], [12812.126676017951, 7400.138461676914, -4559.265196191489], [6534.781972807368, -77.30349023370673, 7880.9649568201785]]","[[0.01, -0.005, -0.005], [-0.005, 0.01, -0.005], [-0.005, -0.005, 0.01]]"
327,0.0375,"[[4195.1320811009355, -20241.36320730382, -10906.689857721089], [19743.269432705736, 3220.057995394276, -2103.924072802525], [9963.322035535331, 3070.733949752018, 3474.862857347489]]","[[0.01, -0.005, -0.005], [-0.005, 0.01, -0.005], [-0.005, -0.005, 0.01]]"
328,0.05,"[[329.53965141524895, -22035.08720153065, -8932.802713268185], [26582.953464184102, -79.1259352576817, -423.60259403991586], [13382.443197708435, 5666.326102356841, -10.972509808550967]]","[[0.01, -0.005, -0.005], [-0.005, 0.01, -0.005], [-0.005, -0.005, 0.01]]"
329,0.0625,"[[-2217.1586753327138, -25662.588964265087, -9002.341590883916], [33300.692528716565, -2203.7811517353875, 223.35935855422758], [16789.005825808385, 7525.324538453788, -2269.785567209041]]","[[0.01, -0.005, -0.005], [-0.005, 0.01, -0.005], [-0.005, -0.005, 0.01]]"
330,0.075,"[[-3115.239373408527, -31582.31293763406, -11626.16299608544], [39866.00038456665, -2860.275475495291, -421.3780965622136], [20179.8702863169, 8463.580828915892, -2994.8207374151025]]","[[0.01, -0.005, -0.005], [-0.005, 0.01, -0.005], [-0.005, -0.005, 0.01]]"
331,0.0875,"[[-2034.9789170777658, -40252.70356376444, -17315.123434389905], [46248.39078999789, -1754.9767279938242, -2616.154840931358], [23551.896945715685, 8296.946544616188, -1879.3224429878464]]","[[0.01, -0.005, -0.005], [-0.005, 0.01, -0.005], [-0.005, -0.005, 0.01]]"
332,0.1,"[[1353.3462193940068, -52132.20528478316, -26580.07941131448], [52417.377503273805, 1405.7472693125746, -6619.3107560953285], [26901.946170486466, 6841.27325642771, 1383.4648935115983]]","[[0.01, -0.005, -0.005], [-0.005, 0.01, -0.005], [-0.005, -0.005, 0.01]]"
